1952_Asia_country_gapminder_grid,1952_Asia_year_gapminder_grid,1952_Asia_pop_gapminder_grid,1952_Asia_continent_gapminder_grid,1952_Asia_lifeExp_gapminder_grid,1952_Asia_gdpPercap_gapminder_grid,1952_Europe_country_gapminder_grid,1952_Europe_year_gapminder_grid,1952_Europe_pop_gapminder_grid,1952_Europe_continent_gapminder_grid,1952_Europe_lifeExp_gapminder_grid,1952_Europe_gdpPercap_gapminder_grid,1952_Africa_country_gapminder_grid,1952_Africa_year_gapminder_grid,1952_Africa_pop_gapminder_grid,1952_Africa_continent_gapminder_grid,1952_Africa_lifeExp_gapminder_grid,1952_Africa_gdpPercap_gapminder_grid,1952_Americas_country_gapminder_grid,1952_Americas_year_gapminder_grid,1952_Americas_pop_gapminder_grid,1952_Americas_continent_gapminder_grid,1952_Americas_lifeExp_gapminder_grid,1952_Americas_gdpPercap_gapminder_grid,1952_Oceania_country_gapminder_grid,1952_Oceania_year_gapminder_grid,1952_Oceania_pop_gapminder_grid,1952_Oceania_continent_gapminder_grid,1952_Oceania_lifeExp_gapminder_grid,1952_Oceania_gdpPercap_gapminder_grid,1962_Asia_country_gapminder_grid,1962_Asia_year_gapminder_grid,1962_Asia_pop_gapminder_grid,1962_Asia_continent_gapminder_grid,1962_Asia_lifeExp_gapminder_grid,1962_Asia_gdpPercap_gapminder_grid,1962_Europe_country_gapminder_grid,1962_Europe_year_gapminder_grid,1962_Europe_pop_gapminder_grid,1962_Europe_continent_gapminder_grid,1962_Europe_lifeExp_gapminder_grid,1962_Europe_gdpPercap_gapminder_grid,1962_Africa_country_gapminder_grid,1962_Africa_year_gapminder_grid,1962_Africa_pop_gapminder_grid,1962_Africa_continent_gapminder_grid,1962_Africa_lifeExp_gapminder_grid,1962_Africa_gdpPercap_gapminder_grid,1962_Americas_country_gapminder_grid,1962_Americas_year_gapminder_grid,1962_Americas_pop_gapminder_grid,1962_Americas_continent_gapminder_grid,1962_Americas_lifeExp_gapminder_grid,1962_Americas_gdpPercap_gapminder_grid,1962_Oceania_country_gapminder_grid,1962_Oceania_year_gapminder_grid,1962_Oceania_pop_gapminder_grid,1962_Oceania_continent_gapminder_grid,1962_Oceania_lifeExp_gapminder_grid,1962_Oceania_gdpPercap_gapminder_grid,1967_Asia_country_gapminder_grid,1967_Asia_year_gapminder_grid,1967_Asia_pop_gapminder_grid,1967_Asia_continent_gapminder_grid,1967_Asia_lifeExp_gapminder_grid,1967_Asia_gdpPercap_gapminder_grid,1967_Europe_country_gapminder_grid,1967_Europe_year_gapminder_grid,1967_Europe_pop_gapminder_grid,1967_Europe_continent_gapminder_grid,1967_Europe_lifeExp_gapminder_grid,1967_Europe_gdpPercap_gapminder_grid,1967_Africa_country_gapminder_grid,1967_Africa_year_gapminder_grid,1967_Africa_pop_gapminder_grid,1967_Africa_continent_gapminder_grid,1967_Africa_lifeExp_gapminder_grid,1967_Africa_gdpPercap_gapminder_grid,1967_Americas_country_gapminder_grid,1967_Americas_year_gapminder_grid,1967_Americas_pop_gapminder_grid,1967_Americas_continent_gapminder_grid,1967_Americas_lifeExp_gapminder_grid,1967_Americas_gdpPercap_gapminder_grid,1967_Oceania_country_gapminder_grid,1967_Oceania_year_gapminder_grid,1967_Oceania_pop_gapminder_grid,1967_Oceania_continent_gapminder_grid,1967_Oceania_lifeExp_gapminder_grid,1967_Oceania_gdpPercap_gapminder_grid,1972_Asia_country_gapminder_grid,1972_Asia_year_gapminder_grid,1972_Asia_pop_gapminder_grid,1972_Asia_continent_gapminder_grid,1972_Asia_lifeExp_gapminder_grid,1972_Asia_gdpPercap_gapminder_grid,1972_Europe_country_gapminder_grid,1972_Europe_year_gapminder_grid,1972_Europe_pop_gapminder_grid,1972_Europe_continent_gapminder_grid,1972_Europe_lifeExp_gapminder_grid,1972_Europe_gdpPercap_gapminder_grid,1972_Africa_country_gapminder_grid,1972_Africa_year_gapminder_grid,1972_Africa_pop_gapminder_grid,1972_Africa_continent_gapminder_grid,1972_Africa_lifeExp_gapminder_grid,1972_Africa_gdpPercap_gapminder_grid,1972_Americas_country_gapminder_grid,1972_Americas_year_gapminder_grid,1972_Americas_pop_gapminder_grid,1972_Americas_continent_gapminder_grid,1972_Americas_lifeExp_gapminder_grid,1972_Americas_gdpPercap_gapminder_grid,1972_Oceania_country_gapminder_grid,1972_Oceania_year_gapminder_grid,1972_Oceania_pop_gapminder_grid,1972_Oceania_continent_gapminder_grid,1972_Oceania_lifeExp_gapminder_grid,1972_Oceania_gdpPercap_gapminder_grid,1977_Asia_country_gapminder_grid,1977_Asia_year_gapminder_grid,1977_Asia_pop_gapminder_grid,1977_Asia_continent_gapminder_grid,1977_Asia_lifeExp_gapminder_grid,1977_Asia_gdpPercap_gapminder_grid,1977_Europe_country_gapminder_grid,1977_Europe_year_gapminder_grid,1977_Europe_pop_gapminder_grid,1977_Europe_continent_gapminder_grid,1977_Europe_lifeExp_gapminder_grid,1977_Europe_gdpPercap_gapminder_grid,1977_Africa_country_gapminder_grid,1977_Africa_year_gapminder_grid,1977_Africa_pop_gapminder_grid,1977_Africa_continent_gapminder_grid,1977_Africa_lifeExp_gapminder_grid,1977_Africa_gdpPercap_gapminder_grid,1977_Americas_country_gapminder_grid,1977_Americas_year_gapminder_grid,1977_Americas_pop_gapminder_grid,1977_Americas_continent_gapminder_grid,1977_Americas_lifeExp_gapminder_grid,1977_Americas_gdpPercap_gapminder_grid,1977_Oceania_country_gapminder_grid,1977_Oceania_year_gapminder_grid,1977_Oceania_pop_gapminder_grid,1977_Oceania_continent_gapminder_grid,1977_Oceania_lifeExp_gapminder_grid,1977_Oceania_gdpPercap_gapminder_grid,1982_Asia_country_gapminder_grid,1982_Asia_year_gapminder_grid,1982_Asia_pop_gapminder_grid,1982_Asia_continent_gapminder_grid,1982_Asia_lifeExp_gapminder_grid,1982_Asia_gdpPercap_gapminder_grid,1982_Europe_country_gapminder_grid,1982_Europe_year_gapminder_grid,1982_Europe_pop_gapminder_grid,1982_Europe_continent_gapminder_grid,1982_Europe_lifeExp_gapminder_grid,1982_Europe_gdpPercap_gapminder_grid,1982_Africa_country_gapminder_grid,1982_Africa_year_gapminder_grid,1982_Africa_pop_gapminder_grid,1982_Africa_continent_gapminder_grid,1982_Africa_lifeExp_gapminder_grid,1982_Africa_gdpPercap_gapminder_grid,1982_Americas_country_gapminder_grid,1982_Americas_year_gapminder_grid,1982_Americas_pop_gapminder_grid,1982_Americas_continent_gapminder_grid,1982_Americas_lifeExp_gapminder_grid,1982_Americas_gdpPercap_gapminder_grid,1982_Oceania_country_gapminder_grid,1982_Oceania_year_gapminder_grid,1982_Oceania_pop_gapminder_grid,1982_Oceania_continent_gapminder_grid,1982_Oceania_lifeExp_gapminder_grid,1982_Oceania_gdpPercap_gapminder_grid,1987_Asia_country_gapminder_grid,1987_Asia_year_gapminder_grid,1987_Asia_pop_gapminder_grid,1987_Asia_continent_gapminder_grid,1987_Asia_lifeExp_gapminder_grid,1987_Asia_gdpPercap_gapminder_grid,1987_Europe_country_gapminder_grid,1987_Europe_year_gapminder_grid,1987_Europe_pop_gapminder_grid,1987_Europe_continent_gapminder_grid,1987_Europe_lifeExp_gapminder_grid,1987_Europe_gdpPercap_gapminder_grid,1987_Africa_country_gapminder_grid,1987_Africa_year_gapminder_grid,1987_Africa_pop_gapminder_grid,1987_Africa_continent_gapminder_grid,1987_Africa_lifeExp_gapminder_grid,1987_Africa_gdpPercap_gapminder_grid,1987_Americas_country_gapminder_grid,1987_Americas_year_gapminder_grid,1987_Americas_pop_gapminder_grid,1987_Americas_continent_gapminder_grid,1987_Americas_lifeExp_gapminder_grid,1987_Americas_gdpPercap_gapminder_grid,1987_Oceania_country_gapminder_grid,1987_Oceania_year_gapminder_grid,1987_Oceania_pop_gapminder_grid,1987_Oceania_continent_gapminder_grid,1987_Oceania_lifeExp_gapminder_grid,1987_Oceania_gdpPercap_gapminder_grid,1992_Asia_country_gapminder_grid,1992_Asia_year_gapminder_grid,1992_Asia_pop_gapminder_grid,1992_Asia_continent_gapminder_grid,1992_Asia_lifeExp_gapminder_grid,1992_Asia_gdpPercap_gapminder_grid,1992_Europe_country_gapminder_grid,1992_Europe_year_gapminder_grid,1992_Europe_pop_gapminder_grid,1992_Europe_continent_gapminder_grid,1992_Europe_lifeExp_gapminder_grid,1992_Europe_gdpPercap_gapminder_grid,1992_Africa_country_gapminder_grid,1992_Africa_year_gapminder_grid,1992_Africa_pop_gapminder_grid,1992_Africa_continent_gapminder_grid,1992_Africa_lifeExp_gapminder_grid,1992_Africa_gdpPercap_gapminder_grid,1992_Americas_country_gapminder_grid,1992_Americas_year_gapminder_grid,1992_Americas_pop_gapminder_grid,1992_Americas_continent_gapminder_grid,1992_Americas_lifeExp_gapminder_grid,1992_Americas_gdpPercap_gapminder_grid,1992_Oceania_country_gapminder_grid,1992_Oceania_year_gapminder_grid,1992_Oceania_pop_gapminder_grid,1992_Oceania_continent_gapminder_grid,1992_Oceania_lifeExp_gapminder_grid,1992_Oceania_gdpPercap_gapminder_grid,1997_Asia_country_gapminder_grid,1997_Asia_year_gapminder_grid,1997_Asia_pop_gapminder_grid,1997_Asia_continent_gapminder_grid,1997_Asia_lifeExp_gapminder_grid,1997_Asia_gdpPercap_gapminder_grid,1997_Europe_country_gapminder_grid,1997_Europe_year_gapminder_grid,1997_Europe_pop_gapminder_grid,1997_Europe_continent_gapminder_grid,1997_Europe_lifeExp_gapminder_grid,1997_Europe_gdpPercap_gapminder_grid,1997_Africa_country_gapminder_grid,1997_Africa_year_gapminder_grid,1997_Africa_pop_gapminder_grid,1997_Africa_continent_gapminder_grid,1997_Africa_lifeExp_gapminder_grid,1997_Africa_gdpPercap_gapminder_grid,1997_Americas_country_gapminder_grid,1997_Americas_year_gapminder_grid,1997_Americas_pop_gapminder_grid,1997_Americas_continent_gapminder_grid,1997_Americas_lifeExp_gapminder_grid,1997_Americas_gdpPercap_gapminder_grid,1997_Oceania_country_gapminder_grid,1997_Oceania_year_gapminder_grid,1997_Oceania_pop_gapminder_grid,1997_Oceania_continent_gapminder_grid,1997_Oceania_lifeExp_gapminder_grid,1997_Oceania_gdpPercap_gapminder_grid,2002_Asia_country_gapminder_grid,2002_Asia_year_gapminder_grid,2002_Asia_pop_gapminder_grid,2002_Asia_continent_gapminder_grid,2002_Asia_lifeExp_gapminder_grid,2002_Asia_gdpPercap_gapminder_grid,2002_Europe_country_gapminder_grid,2002_Europe_year_gapminder_grid,2002_Europe_pop_gapminder_grid,2002_Europe_continent_gapminder_grid,2002_Europe_lifeExp_gapminder_grid,2002_Europe_gdpPercap_gapminder_grid,2002_Africa_country_gapminder_grid,2002_Africa_year_gapminder_grid,2002_Africa_pop_gapminder_grid,2002_Africa_continent_gapminder_grid,2002_Africa_lifeExp_gapminder_grid,2002_Africa_gdpPercap_gapminder_grid,2002_Americas_country_gapminder_grid,2002_Americas_year_gapminder_grid,2002_Americas_pop_gapminder_grid,2002_Americas_continent_gapminder_grid,2002_Americas_lifeExp_gapminder_grid,2002_Americas_gdpPercap_gapminder_grid,2002_Oceania_country_gapminder_grid,2002_Oceania_year_gapminder_grid,2002_Oceania_pop_gapminder_grid,2002_Oceania_continent_gapminder_grid,2002_Oceania_lifeExp_gapminder_grid,2002_Oceania_gdpPercap_gapminder_grid,2007_Asia_country_gapminder_grid,2007_Asia_year_gapminder_grid,2007_Asia_pop_gapminder_grid,2007_Asia_continent_gapminder_grid,2007_Asia_lifeExp_gapminder_grid,2007_Asia_gdpPercap_gapminder_grid,2007_Europe_country_gapminder_grid,2007_Europe_year_gapminder_grid,2007_Europe_pop_gapminder_grid,2007_Europe_continent_gapminder_grid,2007_Europe_lifeExp_gapminder_grid,2007_Europe_gdpPercap_gapminder_grid,2007_Africa_country_gapminder_grid,2007_Africa_year_gapminder_grid,2007_Africa_pop_gapminder_grid,2007_Africa_continent_gapminder_grid,2007_Africa_lifeExp_gapminder_grid,2007_Africa_gdpPercap_gapminder_grid,2007_Americas_country_gapminder_grid,2007_Americas_year_gapminder_grid,2007_Americas_pop_gapminder_grid,2007_Americas_continent_gapminder_grid,2007_Americas_lifeExp_gapminder_grid,2007_Americas_gdpPercap_gapminder_grid,2007_Oceania_country_gapminder_grid,2007_Oceania_year_gapminder_grid,2007_Oceania_pop_gapminder_grid,2007_Oceania_continent_gapminder_grid,2007_Oceania_lifeExp_gapminder_grid,2007_Oceania_gdpPercap_gapminder_grid
Afghanistan,1952.0,8425333.0,Asia,28.801,779.4453145,Albania,1952.0,1282697.0,Europe,55.23,1601.056136,Algeria,1952,9279525.0,Africa,43.077,2449.008185,Argentina,1952.0,17876956.0,Americas,62.485,5911.315053,Australia,1952.0,8691212.0,Oceania,69.12,10039.59564,Afghanistan,1962.0,10267083.0,Asia,31.997,853.10071,Albania,1962.0,1728137.0,Europe,64.82,2312.888958,Algeria,1962,11000948.0,Africa,48.303,2550.81688,Argentina,1962.0,21283783.0,Americas,65.142,7133.166023,Australia,1962.0,10794968.0,Oceania,70.93,12217.22686,Afghanistan,1967.0,11537966.0,Asia,34.02,836.1971382,Albania,1967.0,1984060.0,Europe,66.22,2760.196931,Algeria,1967,12760499.0,Africa,51.407,3246.991771,Argentina,1967.0,22934225.0,Americas,65.634,8052.953021,Australia,1967.0,11872264.0,Oceania,71.1,14526.12465,Afghanistan,1972.0,13079460.0,Asia,36.088,739.9811058,Albania,1972.0,2263554.0,Europe,67.69,3313.422188,Algeria,1972,14760787.0,Africa,54.518,4182.663766,Argentina,1972.0,24779799.0,Americas,67.065,9443.038526,Australia,1972.0,13177000.0,Oceania,71.93,16788.62948,Afghanistan,1977.0,14880372.0,Asia,38.438,786.11336,Albania,1977.0,2509048.0,Europe,68.93,3533.00391,Algeria,1977,17152804.0,Africa,58.014,4910.416756,Argentina,1977.0,26983828.0,Americas,68.481,10079.02674,Australia,1977.0,14074100.0,Oceania,73.49,18334.19751,Afghanistan,1982.0,12881816.0,Asia,39.854,978.0114388,Albania,1982.0,2780097.0,Europe,70.42,3630.880722,Algeria,1982,20033753.0,Africa,61.368,5745.160213,Argentina,1982.0,29341374.0,Americas,69.942,8997.897412,Australia,1982.0,15184200.0,Oceania,74.74,19477.00928,Afghanistan,1987.0,13867957.0,Asia,40.822,852.3959448,Albania,1987.0,3075321.0,Europe,72.0,3738.932735,Algeria,1987,23254956.0,Africa,65.799,5681.358539,Argentina,1987.0,31620918.0,Americas,70.774,9139.671389,Australia,1987.0,16257249.0,Oceania,76.32,21888.88903,Afghanistan,1992.0,16317921.0,Asia,41.674,649.3413952,Albania,1992.0,3326498.0,Europe,71.581,2497.437901,Algeria,1992,26298373.0,Africa,67.744,5023.216647,Argentina,1992.0,33958947.0,Americas,71.868,9308.41871,Australia,1992.0,17481977.0,Oceania,77.56,23424.76683,Afghanistan,1997.0,22227415.0,Asia,41.763,635.341351,Albania,1997.0,3428038.0,Europe,72.95,3193.054604,Algeria,1997,29072015.0,Africa,69.152,4797.295051,Argentina,1997.0,36203463.0,Americas,73.275,10967.28195,Australia,1997.0,18565243.0,Oceania,78.83,26997.93657,Afghanistan,2002.0,25268405.0,Asia,42.129,726.7340548,Albania,2002.0,3508512.0,Europe,75.651,4604.211737,Algeria,2002,31287142.0,Africa,70.994,5288.040382,Argentina,2002.0,38331121.0,Americas,74.34,8797.640716,Australia,2002.0,19546792.0,Oceania,80.37,30687.75473,Afghanistan,2007.0,31889923.0,Asia,43.828,974.5803384,Albania,2007.0,3600523.0,Europe,76.423,5937.029526,Algeria,2007,33333216.0,Africa,72.301,6223.367465,Argentina,2007.0,40301927.0,Americas,75.32,12779.37964,Australia,2007.0,20434176.0,Oceania,81.235,34435.36744
Bahrain,1952.0,120447.0,Asia,50.939,9867.084765,Austria,1952.0,6927772.0,Europe,66.8,6137.076492,Angola,1952,4232095.0,Africa,30.015,3520.610273,Bolivia,1952.0,2883315.0,Americas,40.414,2677.326347,New Zealand,1952.0,1994794.0,Oceania,69.39,10556.57566,Bahrain,1962.0,171863.0,Asia,56.923,12753.27514,Austria,1962.0,7129864.0,Europe,69.54,10750.72111,Angola,1962,4826015.0,Africa,34.0,4269.276742,Bolivia,1962.0,3593918.0,Americas,43.428,2180.972546,New Zealand,1962.0,2488550.0,Oceania,71.24,13175.678,Bahrain,1967.0,202182.0,Asia,59.923,14804.6727,Austria,1967.0,7376998.0,Europe,70.14,12834.6024,Angola,1967,5247469.0,Africa,35.985,5522.776375,Bolivia,1967.0,4040665.0,Americas,45.032,2586.886053,New Zealand,1967.0,2728150.0,Oceania,71.52,14463.91893,Bahrain,1972.0,230800.0,Asia,63.3,18268.65839,Austria,1972.0,7544201.0,Europe,70.63,16661.6256,Angola,1972,5894858.0,Africa,37.928,5473.288005,Bolivia,1972.0,4565872.0,Americas,46.714,2980.331339,New Zealand,1972.0,2929100.0,Oceania,71.89,16046.03728,Bahrain,1977.0,297410.0,Asia,65.593,19340.10196,Austria,1977.0,7568430.0,Europe,72.17,19749.4223,Angola,1977,6162675.0,Africa,39.483,3008.647355,Bolivia,1977.0,5079716.0,Americas,50.023,3548.097832,New Zealand,1977.0,3164900.0,Oceania,72.22,16233.7177,Bahrain,1982.0,377967.0,Asia,69.052,19211.14731,Austria,1982.0,7574613.0,Europe,73.18,21597.08362,Angola,1982,7016384.0,Africa,39.942,2756.953672,Bolivia,1982.0,5642224.0,Americas,53.859,3156.510452,New Zealand,1982.0,3210650.0,Oceania,73.84,17632.4104,Bahrain,1987.0,454612.0,Asia,70.75,18524.02406,Austria,1987.0,7578903.0,Europe,74.94,23687.82607,Angola,1987,7874230.0,Africa,39.906,2430.208311,Bolivia,1987.0,6156369.0,Americas,57.251,2753.69149,New Zealand,1987.0,3317166.0,Oceania,74.32,19007.19129,Bahrain,1992.0,529491.0,Asia,72.601,19035.57917,Austria,1992.0,7914969.0,Europe,76.04,27042.01868,Angola,1992,8735988.0,Africa,40.647,2627.845685,Bolivia,1992.0,6893451.0,Americas,59.957,2961.699694,New Zealand,1992.0,3437674.0,Oceania,76.33,18363.32494,Bahrain,1997.0,598561.0,Asia,73.925,20292.01679,Austria,1997.0,8069876.0,Europe,77.51,29095.92066,Angola,1997,9875024.0,Africa,40.963,2277.140884,Bolivia,1997.0,7693188.0,Americas,62.05,3326.143191,New Zealand,1997.0,3676187.0,Oceania,77.55,21050.41377,Bahrain,2002.0,656397.0,Asia,74.795,23403.55927,Austria,2002.0,8148312.0,Europe,78.98,32417.60769,Angola,2002,10866106.0,Africa,41.003,2773.287312,Bolivia,2002.0,8445134.0,Americas,63.883,3413.26269,New Zealand,2002.0,3908037.0,Oceania,79.11,23189.80135,Bahrain,2007.0,708573.0,Asia,75.635,29796.04834,Austria,2007.0,8199783.0,Europe,79.829,36126.4927,Angola,2007,12420476.0,Africa,42.731,4797.231267,Bolivia,2007.0,9119152.0,Americas,65.554,3822.137084,New Zealand,2007.0,4115771.0,Oceania,80.204,25185.00911
Bangladesh,1952.0,46886859.0,Asia,37.484,684.2441716,Belgium,1952.0,8730405.0,Europe,68.0,8343.105127,Benin,1952,1738315.0,Africa,38.223,1062.7522,Brazil,1952.0,56602560.0,Americas,50.917,2108.944355,,,,,,,Bangladesh,1962.0,56839289.0,Asia,41.216,686.3415538,Belgium,1962.0,9218400.0,Europe,70.25,10991.20676,Benin,1962,2151895.0,Africa,42.618,949.4990641,Brazil,1962.0,76039390.0,Americas,55.665,3336.585802,,,,,,,Bangladesh,1967.0,62821884.0,Asia,43.453,721.1860862,Belgium,1967.0,9556500.0,Europe,70.94,13149.04119,Benin,1967,2427334.0,Africa,44.885,1035.831411,Brazil,1967.0,88049823.0,Americas,57.632,3429.864357,,,,,,,Bangladesh,1972.0,70759295.0,Asia,45.252,630.2336265,Belgium,1972.0,9709100.0,Europe,71.44,16672.14356,Benin,1972,2761407.0,Africa,47.014,1085.796879,Brazil,1972.0,100840058.0,Americas,59.504,4985.711467,,,,,,,Bangladesh,1977.0,80428306.0,Asia,46.923,659.8772322,Belgium,1977.0,9821800.0,Europe,72.8,19117.97448,Benin,1977,3168267.0,Africa,49.19,1029.161251,Brazil,1977.0,114313951.0,Americas,61.489,6660.118654,,,,,,,Bangladesh,1982.0,93074406.0,Asia,50.009,676.9818656,Belgium,1982.0,9856303.0,Europe,73.93,20979.84589,Benin,1982,3641603.0,Africa,50.904,1277.897616,Brazil,1982.0,128962939.0,Americas,63.336,7030.835878,,,,,,,Bangladesh,1987.0,103764241.0,Asia,52.819,751.9794035,Belgium,1987.0,9870200.0,Europe,75.35,22525.56308,Benin,1987,4243788.0,Africa,52.337,1225.85601,Brazil,1987.0,142938076.0,Americas,65.205,7807.095818,,,,,,,Bangladesh,1992.0,113704579.0,Asia,56.018,837.8101643,Belgium,1992.0,10045622.0,Europe,76.46,25575.57069,Benin,1992,4981671.0,Africa,53.919,1191.207681,Brazil,1992.0,155975974.0,Americas,67.057,6950.283021,,,,,,,Bangladesh,1997.0,123315288.0,Asia,59.412,972.7700352,Belgium,1997.0,10199787.0,Europe,77.53,27561.19663,Benin,1997,6066080.0,Africa,54.777,1232.975292,Brazil,1997.0,168546719.0,Americas,69.388,7957.980824,,,,,,,Bangladesh,2002.0,135656790.0,Asia,62.013,1136.39043,Belgium,2002.0,10311970.0,Europe,78.32,30485.88375,Benin,2002,7026113.0,Africa,54.406,1372.877931,Brazil,2002.0,179914212.0,Americas,71.006,8131.212843,,,,,,,Bangladesh,2007.0,150448339.0,Asia,64.062,1391.253792,Belgium,2007.0,10392226.0,Europe,79.441,33692.60508,Benin,2007,8078314.0,Africa,56.728,1441.284873,Brazil,2007.0,190010647.0,Americas,72.39,9065.800825,,,,,,
Cambodia,1952.0,4693836.0,Asia,39.417,368.4692856,Bosnia and Herzegovina,1952.0,2791000.0,Europe,53.82,973.5331948,Botswana,1952,442308.0,Africa,47.622,851.2411407,Canada,1952.0,14785584.0,Americas,68.75,11367.16112,,,,,,,Cambodia,1962.0,6083619.0,Asia,43.415,496.9136476,Bosnia and Herzegovina,1962.0,3349000.0,Europe,61.93,1709.683679,Botswana,1962,512764.0,Africa,51.52,983.6539764,Canada,1962.0,18985849.0,Americas,71.3,13462.48555,,,,,,,Cambodia,1967.0,6960067.0,Asia,45.415,523.4323142,Bosnia and Herzegovina,1967.0,3585000.0,Europe,64.79,2172.352423,Botswana,1967,553541.0,Africa,53.298,1214.709294,Canada,1967.0,20819767.0,Americas,72.13,16076.58803,,,,,,,Cambodia,1972.0,7450606.0,Asia,40.317,421.6240257,Bosnia and Herzegovina,1972.0,3819000.0,Europe,67.45,2860.16975,Botswana,1972,619351.0,Africa,56.024,2263.611114,Canada,1972.0,22284500.0,Americas,72.88,18970.57086,,,,,,,Cambodia,1977.0,6978607.0,Asia,31.22,524.9721832,Bosnia and Herzegovina,1977.0,4086000.0,Europe,69.86,3528.481305,Botswana,1977,781472.0,Africa,59.319,3214.857818,Canada,1977.0,23796400.0,Americas,74.21,22090.88306,,,,,,,Cambodia,1982.0,7272485.0,Asia,50.957,624.4754784,Bosnia and Herzegovina,1982.0,4172693.0,Europe,70.69,4126.613157,Botswana,1982,970347.0,Africa,61.484,4551.14215,Canada,1982.0,25201900.0,Americas,75.76,22898.79214,,,,,,,Cambodia,1987.0,8371791.0,Asia,53.914,683.8955732,Bosnia and Herzegovina,1987.0,4338977.0,Europe,71.14,4314.114757,Botswana,1987,1151184.0,Africa,63.622,6205.88385,Canada,1987.0,26549700.0,Americas,76.86,26626.51503,,,,,,,Cambodia,1992.0,10150094.0,Asia,55.803,682.3031755,Bosnia and Herzegovina,1992.0,4256013.0,Europe,72.178,2546.781445,Botswana,1992,1342614.0,Africa,62.745,7954.111645,Canada,1992.0,28523502.0,Americas,77.95,26342.88426,,,,,,,Cambodia,1997.0,11782962.0,Asia,56.534,734.28517,Bosnia and Herzegovina,1997.0,3607000.0,Europe,73.244,4766.355904,Botswana,1997,1536536.0,Africa,52.556,8647.142313,Canada,1997.0,30305843.0,Americas,78.61,28954.92589,,,,,,,Cambodia,2002.0,12926707.0,Asia,56.752,896.2260153,Bosnia and Herzegovina,2002.0,4165416.0,Europe,74.09,6018.975239,Botswana,2002,1630347.0,Africa,46.634,11003.60508,Canada,2002.0,31902268.0,Americas,79.77,33328.96507,,,,,,,Cambodia,2007.0,14131858.0,Asia,59.723,1713.778686,Bosnia and Herzegovina,2007.0,4552198.0,Europe,74.852,7446.298803,Botswana,2007,1639131.0,Africa,50.728,12569.85177,Canada,2007.0,33390141.0,Americas,80.653,36319.23501,,,,,,
China,1952.0,556263528.0,Asia,44.0,400.4486107,Bulgaria,1952.0,7274900.0,Europe,59.6,2444.286648,Burkina Faso,1952,4469979.0,Africa,31.975,543.2552413,Chile,1952.0,6377619.0,Americas,54.745,3939.978789,,,,,,,China,1962.0,665770000.0,Asia,44.50136,487.6740183,Bulgaria,1962.0,8012946.0,Europe,69.51,4254.337839,Burkina Faso,1962,4919632.0,Africa,37.814,722.5120206,Chile,1962.0,7961258.0,Americas,57.924,4519.094331,,,,,,,China,1967.0,754550000.0,Asia,58.38112,612.7056934,Bulgaria,1967.0,8310226.0,Europe,70.42,5577.0028,Burkina Faso,1967,5127935.0,Africa,40.697,794.8265597,Chile,1967.0,8858908.0,Americas,60.523,5106.654313,,,,,,,China,1972.0,862030000.0,Asia,63.11888,676.9000921,Bulgaria,1972.0,8576200.0,Europe,70.9,6597.494398,Burkina Faso,1972,5433886.0,Africa,43.591,854.7359763,Chile,1972.0,9717524.0,Americas,63.441,5494.024437,,,,,,,China,1977.0,943455000.0,Asia,63.96736,741.2374699,Bulgaria,1977.0,8797022.0,Europe,70.81,7612.240438,Burkina Faso,1977,5889574.0,Africa,46.137,743.3870368,Chile,1977.0,10599793.0,Americas,67.052,4756.763836,,,,,,,China,1982.0,1000281000.0,Asia,65.525,962.4213805,Bulgaria,1982.0,8892098.0,Europe,71.08,8224.191647,Burkina Faso,1982,6634596.0,Africa,48.122,807.1985855,Chile,1982.0,11487112.0,Americas,70.565,5095.665738,,,,,,,China,1987.0,1084035000.0,Asia,67.274,1378.904018,Bulgaria,1987.0,8971958.0,Europe,71.34,8239.854824,Burkina Faso,1987,7586551.0,Africa,49.557,912.0631417,Chile,1987.0,12463354.0,Americas,72.492,5547.063754,,,,,,,China,1992.0,1164970000.0,Asia,68.69,1655.784158,Bulgaria,1992.0,8658506.0,Europe,71.19,6302.623438,Burkina Faso,1992,8878303.0,Africa,50.26,931.7527731,Chile,1992.0,13572994.0,Americas,74.126,7596.125964,,,,,,,China,1997.0,1230075000.0,Asia,70.426,2289.234136,Bulgaria,1997.0,8066057.0,Europe,70.32,5970.38876,Burkina Faso,1997,10352843.0,Africa,50.324,946.2949618,Chile,1997.0,14599929.0,Americas,75.816,10118.05318,,,,,,,China,2002.0,1280400000.0,Asia,72.028,3119.280896,Bulgaria,2002.0,7661799.0,Europe,72.14,7696.777725,Burkina Faso,2002,12251209.0,Africa,50.65,1037.645221,Chile,2002.0,15497046.0,Americas,77.86,10778.78385,,,,,,,China,2007.0,1318683096.0,Asia,72.961,4959.114854,Bulgaria,2007.0,7322858.0,Europe,73.005,10680.79282,Burkina Faso,2007,14326203.0,Africa,52.295,1217.032994,Chile,2007.0,16284741.0,Americas,78.553,13171.63885,,,,,,
"Hong Kong, China",1952.0,2125900.0,Asia,60.96,3054.421209,Croatia,1952.0,3882229.0,Europe,61.21,3119.23652,Burundi,1952,2445618.0,Africa,39.031,339.2964587,Colombia,1952.0,12350771.0,Americas,50.643,2144.115096,,,,,,,"Hong Kong, China",1962.0,3305200.0,Asia,67.65,4692.648272,Croatia,1962.0,4076557.0,Europe,67.13,5477.890018,Burundi,1962,2961915.0,Africa,42.045,355.2032273,Colombia,1962.0,17009885.0,Americas,57.863,2492.351109,,,,,,,"Hong Kong, China",1967.0,3722800.0,Asia,70.0,6197.962814,Croatia,1967.0,4174366.0,Europe,68.5,6960.297861,Burundi,1967,3330989.0,Africa,43.548,412.9775136,Colombia,1967.0,19764027.0,Americas,59.963,2678.729839,,,,,,,"Hong Kong, China",1972.0,4115700.0,Asia,72.0,8315.928145,Croatia,1972.0,4225310.0,Europe,69.61,9164.090127,Burundi,1972,3529983.0,Africa,44.057,464.0995039,Colombia,1972.0,22542890.0,Americas,61.623,3264.660041,,,,,,,"Hong Kong, China",1977.0,4583700.0,Asia,73.6,11186.14125,Croatia,1977.0,4318673.0,Europe,70.64,11305.38517,Burundi,1977,3834415.0,Africa,45.91,556.1032651,Colombia,1977.0,25094412.0,Americas,63.837,3815.80787,,,,,,,"Hong Kong, China",1982.0,5264500.0,Asia,75.45,14560.53051,Croatia,1982.0,4413368.0,Europe,70.46,13221.82184,Burundi,1982,4580410.0,Africa,47.471,559.603231,Colombia,1982.0,27764644.0,Americas,66.653,4397.575659,,,,,,,"Hong Kong, China",1987.0,5584510.0,Asia,76.2,20038.47269,Croatia,1987.0,4484310.0,Europe,71.52,13822.58394,Burundi,1987,5126023.0,Africa,48.211,621.8188189,Colombia,1987.0,30964245.0,Americas,67.768,4903.2191,,,,,,,"Hong Kong, China",1992.0,5829696.0,Asia,77.601,24757.60301,Croatia,1992.0,4494013.0,Europe,72.527,8447.794873,Burundi,1992,5809236.0,Africa,44.736,631.6998778,Colombia,1992.0,34202721.0,Americas,68.421,5444.648617,,,,,,,"Hong Kong, China",1997.0,6495918.0,Asia,80.0,28377.63219,Croatia,1997.0,4444595.0,Europe,73.68,9875.604515,Burundi,1997,6121610.0,Africa,45.326,463.1151478,Colombia,1997.0,37657830.0,Americas,70.313,6117.361746,,,,,,,"Hong Kong, China",2002.0,6762476.0,Asia,81.495,30209.01516,Croatia,2002.0,4481020.0,Europe,74.876,11628.38895,Burundi,2002,7021078.0,Africa,47.36,446.4035126,Colombia,2002.0,41008227.0,Americas,71.682,5755.259962,,,,,,,"Hong Kong, China",2007.0,6980412.0,Asia,82.208,39724.97867,Croatia,2007.0,4493312.0,Europe,75.748,14619.22272,Burundi,2007,8390505.0,Africa,49.58,430.0706916,Colombia,2007.0,44227550.0,Americas,72.889,7006.580419,,,,,,
India,1952.0,372000000.0,Asia,37.373,546.5657493,Czech Republic,1952.0,9125183.0,Europe,66.87,6876.14025,Cameroon,1952,5009067.0,Africa,38.523,1172.667655,Costa Rica,1952.0,926317.0,Americas,57.206,2627.009471,,,,,,,India,1962.0,454000000.0,Asia,43.605,658.3471509,Czech Republic,1962.0,9620282.0,Europe,69.9,10136.86713,Cameroon,1962,5793633.0,Africa,42.643,1399.607441,Costa Rica,1962.0,1345187.0,Americas,62.842,3460.937025,,,,,,,India,1967.0,506000000.0,Asia,47.193,700.7706107,Czech Republic,1967.0,9835109.0,Europe,70.38,11399.44489,Cameroon,1967,6335506.0,Africa,44.799,1508.453148,Costa Rica,1967.0,1588717.0,Americas,65.424,4161.727834,,,,,,,India,1972.0,567000000.0,Asia,50.651,724.032527,Czech Republic,1972.0,9862158.0,Europe,70.29,13108.4536,Cameroon,1972,7021028.0,Africa,47.049,1684.146528,Costa Rica,1972.0,1834796.0,Americas,67.849,5118.146939,,,,,,,India,1977.0,634000000.0,Asia,54.208,813.337323,Czech Republic,1977.0,10161915.0,Europe,70.71,14800.16062,Cameroon,1977,7959865.0,Africa,49.355,1783.432873,Costa Rica,1977.0,2108457.0,Americas,70.75,5926.876967,,,,,,,India,1982.0,708000000.0,Asia,56.596,855.7235377,Czech Republic,1982.0,10303704.0,Europe,70.96,15377.22855,Cameroon,1982,9250831.0,Africa,52.961,2367.983282,Costa Rica,1982.0,2424367.0,Americas,73.45,5262.734751,,,,,,,India,1987.0,788000000.0,Asia,58.553,976.5126756,Czech Republic,1987.0,10311597.0,Europe,71.58,16310.4434,Cameroon,1987,10780667.0,Africa,54.985,2602.664206,Costa Rica,1987.0,2799811.0,Americas,74.752,5629.915318,,,,,,,India,1992.0,872000000.0,Asia,60.223,1164.406809,Czech Republic,1992.0,10315702.0,Europe,72.4,14297.02122,Cameroon,1992,12467171.0,Africa,54.314,1793.163278,Costa Rica,1992.0,3173216.0,Americas,75.713,6160.416317,,,,,,,India,1997.0,959000000.0,Asia,61.765,1458.817442,Czech Republic,1997.0,10300707.0,Europe,74.01,16048.51424,Cameroon,1997,14195809.0,Africa,52.199,1694.337469,Costa Rica,1997.0,3518107.0,Americas,77.26,6677.045314,,,,,,,India,2002.0,1034172547.0,Asia,62.879,1746.769454,Czech Republic,2002.0,10256295.0,Europe,75.51,17596.21022,Cameroon,2002,15929988.0,Africa,49.856,1934.011449,Costa Rica,2002.0,3834934.0,Americas,78.123,7723.447195,,,,,,,India,2007.0,1110396331.0,Asia,64.698,2452.210407,Czech Republic,2007.0,10228744.0,Europe,76.486,22833.30851,Cameroon,2007,17696293.0,Africa,50.43,2042.09524,Costa Rica,2007.0,4133884.0,Americas,78.782,9645.06142,,,,,,
Indonesia,1952.0,82052000.0,Asia,37.468,749.6816546,Denmark,1952.0,4334000.0,Europe,70.78,9692.385245,Central African Republic,1952,1291695.0,Africa,35.463,1071.310713,Cuba,1952.0,6007797.0,Americas,59.421,5586.53878,,,,,,,Indonesia,1962.0,99028000.0,Asia,42.518,849.2897701,Denmark,1962.0,4646899.0,Europe,72.35,13583.31351,Central African Republic,1962,1523478.0,Africa,39.475,1193.068753,Cuba,1962.0,7254373.0,Americas,65.246,5180.75591,,,,,,,Indonesia,1967.0,109343000.0,Asia,45.964,762.4317721,Denmark,1967.0,4838800.0,Europe,72.96,15937.21123,Central African Republic,1967,1733638.0,Africa,41.478,1136.056615,Cuba,1967.0,8139332.0,Americas,68.29,5690.268015,,,,,,,Indonesia,1972.0,121282000.0,Asia,49.203,1111.107907,Denmark,1972.0,4991596.0,Europe,73.47,18866.20721,Central African Republic,1972,1927260.0,Africa,43.457,1070.013275,Cuba,1972.0,8831348.0,Americas,70.723,5305.445256,,,,,,,Indonesia,1977.0,136725000.0,Asia,52.702,1382.702056,Denmark,1977.0,5088419.0,Europe,74.69,20422.9015,Central African Republic,1977,2167533.0,Africa,46.775,1109.374338,Cuba,1977.0,9537988.0,Americas,72.649,6380.494966,,,,,,,Indonesia,1982.0,153343000.0,Asia,56.159,1516.872988,Denmark,1982.0,5117810.0,Europe,74.63,21688.04048,Central African Republic,1982,2476971.0,Africa,48.295,956.7529907,Cuba,1982.0,9789224.0,Americas,73.717,7316.918107,,,,,,,Indonesia,1987.0,169276000.0,Asia,60.137,1748.356961,Denmark,1987.0,5127024.0,Europe,74.8,25116.17581,Central African Republic,1987,2840009.0,Africa,50.485,844.8763504,Cuba,1987.0,10239839.0,Americas,74.174,7532.924763,,,,,,,Indonesia,1992.0,184816000.0,Asia,62.681,2383.140898,Denmark,1992.0,5171393.0,Europe,75.33,26406.73985,Central African Republic,1992,3265124.0,Africa,49.396,747.9055252,Cuba,1992.0,10723260.0,Americas,74.414,5592.843963,,,,,,,Indonesia,1997.0,199278000.0,Asia,66.041,3119.335603,Denmark,1997.0,5283663.0,Europe,76.11,29804.34567,Central African Republic,1997,3696513.0,Africa,46.066,740.5063317,Cuba,1997.0,10983007.0,Americas,76.151,5431.990415,,,,,,,Indonesia,2002.0,211060000.0,Asia,68.588,2873.91287,Denmark,2002.0,5374693.0,Europe,77.18,32166.50006,Central African Republic,2002,4048013.0,Africa,43.308,738.6906068,Cuba,2002.0,11226999.0,Americas,77.158,6340.646683,,,,,,,Indonesia,2007.0,223547000.0,Asia,70.65,3540.651564,Denmark,2007.0,5468120.0,Europe,78.332,35278.41874,Central African Republic,2007,4369038.0,Africa,44.741,706.016537,Cuba,2007.0,11416987.0,Americas,78.273,8948.102923,,,,,,
Iran,1952.0,17272000.0,Asia,44.869,3035.326002,Finland,1952.0,4090500.0,Europe,66.55,6424.519071,Chad,1952,2682462.0,Africa,38.092,1178.665927,Dominican Republic,1952.0,2491346.0,Americas,45.928,1397.717137,,,,,,,Iran,1962.0,22874000.0,Asia,49.325,4187.329802,Finland,1962.0,4491443.0,Europe,68.75,9371.842561,Chad,1962,3150417.0,Africa,41.716,1389.817618,Dominican Republic,1962.0,3453434.0,Americas,53.459,1662.137359,,,,,,,Iran,1967.0,26538000.0,Asia,52.469,5906.731805,Finland,1967.0,4605744.0,Europe,69.83,10921.63626,Chad,1967,3495967.0,Africa,43.601,1196.810565,Dominican Republic,1967.0,4049146.0,Americas,56.751,1653.723003,,,,,,,Iran,1972.0,30614000.0,Asia,55.234,9613.818607,Finland,1972.0,4639657.0,Europe,70.87,14358.8759,Chad,1972,3899068.0,Africa,45.569,1104.103987,Dominican Republic,1972.0,4671329.0,Americas,59.631,2189.874499,,,,,,,Iran,1977.0,35480679.0,Asia,57.702,11888.59508,Finland,1977.0,4738902.0,Europe,72.52,15605.42283,Chad,1977,4388260.0,Africa,47.383,1133.98495,Dominican Republic,1977.0,5302800.0,Americas,61.788,2681.9889,,,,,,,Iran,1982.0,43072751.0,Asia,59.62,7608.334602,Finland,1982.0,4826933.0,Europe,74.55,18533.15761,Chad,1982,4875118.0,Africa,49.517,797.9081006,Dominican Republic,1982.0,5968349.0,Americas,63.727,2861.092386,,,,,,,Iran,1987.0,51889696.0,Asia,63.04,6642.881371,Finland,1987.0,4931729.0,Europe,74.83,21141.01223,Chad,1987,5498955.0,Africa,51.051,952.386129,Dominican Republic,1987.0,6655297.0,Americas,66.046,2899.842175,,,,,,,Iran,1992.0,60397973.0,Asia,65.742,7235.653188,Finland,1992.0,5041039.0,Europe,75.7,20647.16499,Chad,1992,6429417.0,Africa,51.724,1058.0643,Dominican Republic,1992.0,7351181.0,Americas,68.457,3044.214214,,,,,,,Iran,1997.0,63327987.0,Asia,68.042,8263.590301,Finland,1997.0,5134406.0,Europe,77.13,23723.9502,Chad,1997,7562011.0,Africa,51.573,1004.961353,Dominican Republic,1997.0,7992357.0,Americas,69.957,3614.101285,,,,,,,Iran,2002.0,66907826.0,Asia,69.451,9240.761975,Finland,2002.0,5193039.0,Europe,78.37,28204.59057,Chad,2002,8835739.0,Africa,50.525,1156.18186,Dominican Republic,2002.0,8650322.0,Americas,70.847,4563.808154,,,,,,,Iran,2007.0,69453570.0,Asia,70.964,11605.71449,Finland,2007.0,5238460.0,Europe,79.313,33207.0844,Chad,2007,10238807.0,Africa,50.651,1704.063724,Dominican Republic,2007.0,9319622.0,Americas,72.235,6025.374752,,,,,,
Iraq,1952.0,5441766.0,Asia,45.32,4129.766056,France,1952.0,42459667.0,Europe,67.41,7029.809327,Comoros,1952,153936.0,Africa,40.715,1102.990936,Ecuador,1952.0,3548753.0,Americas,48.357,3522.110717,,,,,,,Iraq,1962.0,7240260.0,Asia,51.457,8341.737815,France,1962.0,47124000.0,Europe,70.51,10560.48553,Comoros,1962,191689.0,Africa,44.467,1406.648278,Ecuador,1962.0,4681707.0,Americas,54.64,4086.114078,,,,,,,Iraq,1967.0,8519282.0,Asia,54.459,8931.459811,France,1967.0,49569000.0,Europe,71.55,12999.91766,Comoros,1967,217378.0,Africa,46.472,1876.029643,Ecuador,1967.0,5432424.0,Americas,56.678,4579.074215,,,,,,,Iraq,1972.0,10061506.0,Asia,56.95,9576.037596,France,1972.0,51732000.0,Europe,72.38,16107.19171,Comoros,1972,250027.0,Africa,48.944,1937.577675,Ecuador,1972.0,6298651.0,Americas,58.796,5280.99471,,,,,,,Iraq,1977.0,11882916.0,Asia,60.413,14688.23507,France,1977.0,53165019.0,Europe,73.83,18292.63514,Comoros,1977,304739.0,Africa,50.939,1172.603047,Ecuador,1977.0,7278866.0,Americas,61.31,6679.62326,,,,,,,Iraq,1982.0,14173318.0,Asia,62.038,14517.90711,France,1982.0,54433565.0,Europe,74.89,20293.89746,Comoros,1982,348643.0,Africa,52.933,1267.100083,Ecuador,1982.0,8365850.0,Americas,64.342,7213.791267,,,,,,,Iraq,1987.0,16543189.0,Asia,65.044,11643.57268,France,1987.0,55630100.0,Europe,76.34,22066.44214,Comoros,1987,395114.0,Africa,54.926,1315.980812,Ecuador,1987.0,9545158.0,Americas,67.231,6481.776993,,,,,,,Iraq,1992.0,17861905.0,Asia,59.461,3745.640687,France,1992.0,57374179.0,Europe,77.46,24703.79615,Comoros,1992,454429.0,Africa,57.939,1246.90737,Ecuador,1992.0,10748394.0,Americas,69.613,7103.702595,,,,,,,Iraq,1997.0,20775703.0,Asia,58.811,3076.239795,France,1997.0,58623428.0,Europe,78.64,25889.78487,Comoros,1997,527982.0,Africa,60.66,1173.618235,Ecuador,1997.0,11911819.0,Americas,72.312,7429.455877,,,,,,,Iraq,2002.0,24001816.0,Asia,57.046,4390.717312,France,2002.0,59925035.0,Europe,79.59,28926.03234,Comoros,2002,614382.0,Africa,62.974,1075.811558,Ecuador,2002.0,12921234.0,Americas,74.173,5773.044512,,,,,,,Iraq,2007.0,27499638.0,Asia,59.545,4471.061906,France,2007.0,61083916.0,Europe,80.657,30470.0167,Comoros,2007,710960.0,Africa,65.152,986.1478792,Ecuador,2007.0,13755680.0,Americas,74.994,6873.262326,,,,,,
Israel,1952.0,1620914.0,Asia,65.39,4086.522128,Germany,1952.0,69145952.0,Europe,67.5,7144.114393,"Congo, Dem. Rep.",1952,14100005.0,Africa,39.143,780.5423257,El Salvador,1952.0,2042865.0,Americas,45.262,3048.3029,,,,,,,Israel,1962.0,2310904.0,Asia,69.39,7105.630706,Germany,1962.0,73739117.0,Europe,70.3,12902.46291,"Congo, Dem. Rep.",1962,17486434.0,Africa,42.122,896.3146335,El Salvador,1962.0,2747687.0,Americas,52.307,3776.803627,,,,,,,Israel,1967.0,2693585.0,Asia,70.75,8393.741404,Germany,1967.0,76368453.0,Europe,70.8,14745.62561,"Congo, Dem. Rep.",1967,19941073.0,Africa,44.056,861.5932424,El Salvador,1967.0,3232927.0,Americas,55.855,4358.595393,,,,,,,Israel,1972.0,3095893.0,Asia,71.63,12786.93223,Germany,1972.0,78717088.0,Europe,71.0,18016.18027,"Congo, Dem. Rep.",1972,23007669.0,Africa,45.989,904.8960685,El Salvador,1972.0,3790903.0,Americas,58.207,4520.246008,,,,,,,Israel,1977.0,3495918.0,Asia,73.06,13306.61921,Germany,1977.0,78160773.0,Europe,72.5,20512.92123,"Congo, Dem. Rep.",1977,26480870.0,Africa,47.804,795.757282,El Salvador,1977.0,4282586.0,Americas,56.696,5138.922374,,,,,,,Israel,1982.0,3858421.0,Asia,74.45,15367.0292,Germany,1982.0,78335266.0,Europe,73.8,22031.53274,"Congo, Dem. Rep.",1982,30646495.0,Africa,47.784,673.7478181,El Salvador,1982.0,4474873.0,Americas,56.604,4098.344175,,,,,,,Israel,1987.0,4203148.0,Asia,75.6,17122.47986,Germany,1987.0,77718298.0,Europe,74.847,24639.18566,"Congo, Dem. Rep.",1987,35481645.0,Africa,47.412,672.774812,El Salvador,1987.0,4842194.0,Americas,63.154,4140.442097,,,,,,,Israel,1992.0,4936550.0,Asia,76.93,18051.52254,Germany,1992.0,80597764.0,Europe,76.07,26505.30317,"Congo, Dem. Rep.",1992,41672143.0,Africa,45.548,457.7191807,El Salvador,1992.0,5274649.0,Americas,66.798,4444.2317,,,,,,,Israel,1997.0,5531387.0,Asia,78.269,20896.60924,Germany,1997.0,82011073.0,Europe,77.34,27788.88416,"Congo, Dem. Rep.",1997,47798986.0,Africa,42.587,312.188423,El Salvador,1997.0,5783439.0,Americas,69.535,5154.825496,,,,,,,Israel,2002.0,6029529.0,Asia,79.696,21905.59514,Germany,2002.0,82350671.0,Europe,78.67,30035.80198,"Congo, Dem. Rep.",2002,55379852.0,Africa,44.966,241.1658765,El Salvador,2002.0,6353681.0,Americas,70.734,5351.568666,,,,,,,Israel,2007.0,6426679.0,Asia,80.745,25523.2771,Germany,2007.0,82400996.0,Europe,79.406,32170.37442,"Congo, Dem. Rep.",2007,64606759.0,Africa,46.462,277.5518587,El Salvador,2007.0,6939688.0,Americas,71.878,5728.353514,,,,,,
Japan,1952.0,86459025.0,Asia,63.03,3216.956347,Greece,1952.0,7733250.0,Europe,65.86,3530.690067,"Congo, Rep.",1952,854885.0,Africa,42.111,2125.621418,Guatemala,1952.0,3146381.0,Americas,42.023,2428.237769,,,,,,,Japan,1962.0,95831757.0,Asia,68.73,6576.649461,Greece,1962.0,8448233.0,Europe,69.51,6017.190733,"Congo, Rep.",1962,1047924.0,Africa,48.435,2464.783157,Guatemala,1962.0,4208858.0,Americas,46.954,2750.364446,,,,,,,Japan,1967.0,100825279.0,Asia,71.43,9847.788607,Greece,1967.0,8716441.0,Europe,71.0,8513.097016,"Congo, Rep.",1967,1179760.0,Africa,52.04,2677.939642,Guatemala,1967.0,4690773.0,Americas,50.016,3242.531147,,,,,,,Japan,1972.0,107188273.0,Asia,73.42,14778.78636,Greece,1972.0,8888628.0,Europe,72.34,12724.82957,"Congo, Rep.",1972,1340458.0,Africa,54.907,3213.152683,Guatemala,1972.0,5149581.0,Americas,53.738,4031.408271,,,,,,,Japan,1977.0,113872473.0,Asia,75.38,16610.37701,Greece,1977.0,9308479.0,Europe,73.68,14195.52428,"Congo, Rep.",1977,1536769.0,Africa,55.625,3259.178978,Guatemala,1977.0,5703430.0,Americas,56.029,4879.992748,,,,,,,Japan,1982.0,118454974.0,Asia,77.11,19384.10571,Greece,1982.0,9786480.0,Europe,75.24,15268.42089,"Congo, Rep.",1982,1774735.0,Africa,56.695,4879.507522,Guatemala,1982.0,6395630.0,Americas,58.137,4820.49479,,,,,,,Japan,1987.0,122091325.0,Asia,78.67,22375.94189,Greece,1987.0,9974490.0,Europe,76.67,16120.52839,"Congo, Rep.",1987,2064095.0,Africa,57.47,4201.194937,Guatemala,1987.0,7326406.0,Americas,60.782,4246.485974,,,,,,,Japan,1992.0,124329269.0,Asia,79.36,26824.89511,Greece,1992.0,10325429.0,Europe,77.03,17541.49634,"Congo, Rep.",1992,2409073.0,Africa,56.433,4016.239529,Guatemala,1992.0,8486949.0,Americas,63.373,4439.45084,,,,,,,Japan,1997.0,125956499.0,Asia,80.69,28816.58499,Greece,1997.0,10502372.0,Europe,77.869,18747.69814,"Congo, Rep.",1997,2800947.0,Africa,52.962,3484.164376,Guatemala,1997.0,9803875.0,Americas,66.322,4684.313807,,,,,,,Japan,2002.0,127065841.0,Asia,82.0,28604.5919,Greece,2002.0,10603863.0,Europe,78.256,22514.2548,"Congo, Rep.",2002,3328795.0,Africa,52.97,3484.06197,Guatemala,2002.0,11178650.0,Americas,68.978,4858.347495,,,,,,,Japan,2007.0,127467972.0,Asia,82.603,31656.06806,Greece,2007.0,10706290.0,Europe,79.483,27538.41188,"Congo, Rep.",2007,3800610.0,Africa,55.322,3632.557798,Guatemala,2007.0,12572928.0,Americas,70.259,5186.050003,,,,,,
Jordan,1952.0,607914.0,Asia,43.158,1546.907807,Hungary,1952.0,9504000.0,Europe,64.03,5263.673816,Cote d'Ivoire,1952,2977019.0,Africa,40.477,1388.594732,Haiti,1952.0,3201488.0,Americas,37.579,1840.366939,,,,,,,Jordan,1962.0,933559.0,Asia,48.126,2348.009158,Hungary,1962.0,10063000.0,Europe,67.96,7550.359877,Cote d'Ivoire,1962,3832408.0,Africa,44.93,1728.869428,Haiti,1962.0,3880130.0,Americas,43.59,1796.589032,,,,,,,Jordan,1967.0,1255058.0,Asia,51.629,2741.796252,Hungary,1967.0,10223422.0,Europe,69.5,9326.64467,Cote d'Ivoire,1967,4744870.0,Africa,47.35,2052.050473,Haiti,1967.0,4318137.0,Americas,46.243,1452.057666,,,,,,,Jordan,1972.0,1613551.0,Asia,56.528,2110.856309,Hungary,1972.0,10394091.0,Europe,69.76,10168.65611,Cote d'Ivoire,1972,6071696.0,Africa,49.801,2378.201111,Haiti,1972.0,4698301.0,Americas,48.042,1654.456946,,,,,,,Jordan,1977.0,1937652.0,Asia,61.134,2852.351568,Hungary,1977.0,10637171.0,Europe,69.95,11674.83737,Cote d'Ivoire,1977,7459574.0,Africa,52.374,2517.736547,Haiti,1977.0,4908554.0,Americas,49.923,1874.298931,,,,,,,Jordan,1982.0,2347031.0,Asia,63.739,4161.415959,Hungary,1982.0,10705535.0,Europe,69.39,12545.99066,Cote d'Ivoire,1982,9025951.0,Africa,53.983,2602.710169,Haiti,1982.0,5198399.0,Americas,51.461,2011.159549,,,,,,,Jordan,1987.0,2820042.0,Asia,65.869,4448.679912,Hungary,1987.0,10612740.0,Europe,69.58,12986.47998,Cote d'Ivoire,1987,10761098.0,Africa,54.655,2156.956069,Haiti,1987.0,5756203.0,Americas,53.636,1823.015995,,,,,,,Jordan,1992.0,3867409.0,Asia,68.015,3431.593647,Hungary,1992.0,10348684.0,Europe,69.17,10535.62855,Cote d'Ivoire,1992,12772596.0,Africa,52.044,1648.073791,Haiti,1992.0,6326682.0,Americas,55.089,1456.309517,,,,,,,Jordan,1997.0,4526235.0,Asia,69.772,3645.379572,Hungary,1997.0,10244684.0,Europe,71.04,11712.7768,Cote d'Ivoire,1997,14625967.0,Africa,47.991,1786.265407,Haiti,1997.0,6913545.0,Americas,56.671,1341.726931,,,,,,,Jordan,2002.0,5307470.0,Asia,71.263,3844.917194,Hungary,2002.0,10083313.0,Europe,72.59,14843.93556,Cote d'Ivoire,2002,16252726.0,Africa,46.832,1648.800823,Haiti,2002.0,7607651.0,Americas,58.137,1270.364932,,,,,,,Jordan,2007.0,6053193.0,Asia,72.535,4519.461171,Hungary,2007.0,9956108.0,Europe,73.338,18008.94444,Cote d'Ivoire,2007,18013409.0,Africa,48.328,1544.750112,Haiti,2007.0,8502814.0,Americas,60.916,1201.637154,,,,,,
"Korea, Dem. Rep.",1952.0,8865488.0,Asia,50.056,1088.277758,Iceland,1952.0,147962.0,Europe,72.49,7267.688428,Djibouti,1952,63149.0,Africa,34.812,2669.529475,Honduras,1952.0,1517453.0,Americas,41.912,2194.926204,,,,,,,"Korea, Dem. Rep.",1962.0,10917494.0,Asia,56.656,1621.693598,Iceland,1962.0,182053.0,Europe,73.68,10350.15906,Djibouti,1962,89898.0,Africa,39.693,3020.989263,Honduras,1962.0,2090162.0,Americas,48.041,2291.156835,,,,,,,"Korea, Dem. Rep.",1967.0,12617009.0,Asia,59.942,2143.540609,Iceland,1967.0,198676.0,Europe,73.73,13319.89568,Djibouti,1967,127617.0,Africa,42.074,3020.050513,Honduras,1967.0,2500689.0,Americas,50.924,2538.269358,,,,,,,"Korea, Dem. Rep.",1972.0,14781241.0,Asia,63.983,3701.621503,Iceland,1972.0,209275.0,Europe,74.46,15798.06362,Djibouti,1972,178848.0,Africa,44.366,3694.212352,Honduras,1972.0,2965146.0,Americas,53.884,2529.842345,,,,,,,"Korea, Dem. Rep.",1977.0,16325320.0,Asia,67.159,4106.301249,Iceland,1977.0,221823.0,Europe,76.11,19654.96247,Djibouti,1977,228694.0,Africa,46.519,3081.761022,Honduras,1977.0,3055235.0,Americas,57.402,3203.208066,,,,,,,"Korea, Dem. Rep.",1982.0,17647518.0,Asia,69.1,4106.525293,Iceland,1982.0,233997.0,Europe,76.99,23269.6075,Djibouti,1982,305991.0,Africa,48.812,2879.468067,Honduras,1982.0,3669448.0,Americas,60.909,3121.760794,,,,,,,"Korea, Dem. Rep.",1987.0,19067554.0,Asia,70.647,4106.492315,Iceland,1987.0,244676.0,Europe,77.23,26923.20628,Djibouti,1987,311025.0,Africa,50.04,2880.102568,Honduras,1987.0,4372203.0,Americas,64.492,3023.096699,,,,,,,"Korea, Dem. Rep.",1992.0,20711375.0,Asia,69.978,3726.063507,Iceland,1992.0,259012.0,Europe,78.77,25144.39201,Djibouti,1992,384156.0,Africa,51.604,2377.156192,Honduras,1992.0,5077347.0,Americas,66.399,3081.694603,,,,,,,"Korea, Dem. Rep.",1997.0,21585105.0,Asia,67.727,1690.756814,Iceland,1997.0,271192.0,Europe,78.95,28061.09966,Djibouti,1997,417908.0,Africa,53.157,1895.016984,Honduras,1997.0,5867957.0,Americas,67.659,3160.454906,,,,,,,"Korea, Dem. Rep.",2002.0,22215365.0,Asia,66.662,1646.758151,Iceland,2002.0,288030.0,Europe,80.5,31163.20196,Djibouti,2002,447416.0,Africa,53.373,1908.260867,Honduras,2002.0,6677328.0,Americas,68.565,3099.72866,,,,,,,"Korea, Dem. Rep.",2007.0,23301725.0,Asia,67.297,1593.06548,Iceland,2007.0,301931.0,Europe,81.757,36180.78919,Djibouti,2007,496374.0,Africa,54.791,2082.481567,Honduras,2007.0,7483763.0,Americas,70.198,3548.330846,,,,,,
"Korea, Rep.",1952.0,20947571.0,Asia,47.453,1030.592226,Ireland,1952.0,2952156.0,Europe,66.91,5210.280328,Egypt,1952,22223309.0,Africa,41.893,1418.822445,Jamaica,1952.0,1426095.0,Americas,58.53,2898.530881,,,,,,,"Korea, Rep.",1962.0,26420307.0,Asia,55.292,1536.344387,Ireland,1962.0,2830000.0,Europe,70.29,6631.597314,Egypt,1962,28173309.0,Africa,46.992,1693.335853,Jamaica,1962.0,1665128.0,Americas,65.61,5246.107524,,,,,,,"Korea, Rep.",1967.0,30131000.0,Asia,57.716,2029.228142,Ireland,1967.0,2900100.0,Europe,71.08,7655.568963,Egypt,1967,31681188.0,Africa,49.293,1814.880728,Jamaica,1967.0,1861096.0,Americas,67.51,6124.703451,,,,,,,"Korea, Rep.",1972.0,33505000.0,Asia,62.612,3030.87665,Ireland,1972.0,3024400.0,Europe,71.28,9530.772896,Egypt,1972,34807417.0,Africa,51.137,2024.008147,Jamaica,1972.0,1997616.0,Americas,69.0,7433.889293,,,,,,,"Korea, Rep.",1977.0,36436000.0,Asia,64.766,4657.22102,Ireland,1977.0,3271900.0,Europe,72.03,11150.98113,Egypt,1977,38783863.0,Africa,53.319,2785.493582,Jamaica,1977.0,2156814.0,Americas,70.11,6650.195573,,,,,,,"Korea, Rep.",1982.0,39326000.0,Asia,67.123,5622.942464,Ireland,1982.0,3480000.0,Europe,73.1,12618.32141,Egypt,1982,45681811.0,Africa,56.006,3503.729636,Jamaica,1982.0,2298309.0,Americas,71.21,6068.05135,,,,,,,"Korea, Rep.",1987.0,41622000.0,Asia,69.81,8533.088805,Ireland,1987.0,3539900.0,Europe,74.36,13872.86652,Egypt,1987,52799062.0,Africa,59.797,3885.46071,Jamaica,1987.0,2326606.0,Americas,71.77,6351.237495,,,,,,,"Korea, Rep.",1992.0,43805450.0,Asia,72.244,12104.27872,Ireland,1992.0,3557761.0,Europe,75.467,17558.81555,Egypt,1992,59402198.0,Africa,63.674,3794.755195,Jamaica,1992.0,2378618.0,Americas,71.766,7404.923685,,,,,,,"Korea, Rep.",1997.0,46173816.0,Asia,74.647,15993.52796,Ireland,1997.0,3667233.0,Europe,76.122,24521.94713,Egypt,1997,66134291.0,Africa,67.217,4173.181797,Jamaica,1997.0,2531311.0,Americas,72.262,7121.924704,,,,,,,"Korea, Rep.",2002.0,47969150.0,Asia,77.045,19233.98818,Ireland,2002.0,3879155.0,Europe,77.783,34077.04939,Egypt,2002,73312559.0,Africa,69.806,4754.604414,Jamaica,2002.0,2664659.0,Americas,72.047,6994.774861,,,,,,,"Korea, Rep.",2007.0,49044790.0,Asia,78.623,23348.13973,Ireland,2007.0,4109086.0,Europe,78.885,40675.99635,Egypt,2007,80264543.0,Africa,71.338,5581.180998,Jamaica,2007.0,2780132.0,Americas,72.567,7320.880262,,,,,,
Kuwait,1952.0,160000.0,Asia,55.565,108382.3529,Italy,1952.0,47666000.0,Europe,65.94,4931.404155,Equatorial Guinea,1952,216964.0,Africa,34.482,375.6431231,Mexico,1952.0,30144317.0,Americas,50.789,3478.125529,,,,,,,Kuwait,1962.0,358266.0,Asia,60.47,95458.11176,Italy,1962.0,50843200.0,Europe,69.24,8243.58234,Equatorial Guinea,1962,249220.0,Africa,37.485,582.8419714,Mexico,1962.0,41121485.0,Americas,58.299,4581.609385,,,,,,,Kuwait,1967.0,575003.0,Asia,64.624,80894.88326,Italy,1967.0,52667100.0,Europe,71.06,10022.40131,Equatorial Guinea,1967,259864.0,Africa,38.987,915.5960025,Mexico,1967.0,47995559.0,Americas,60.11,5754.733883,,,,,,,Kuwait,1972.0,841934.0,Asia,67.712,109347.867,Italy,1972.0,54365564.0,Europe,72.19,12269.27378,Equatorial Guinea,1972,277603.0,Africa,40.516,672.4122571,Mexico,1972.0,55984294.0,Americas,62.361,6809.40669,,,,,,,Kuwait,1977.0,1140357.0,Asia,69.343,59265.47714,Italy,1977.0,56059245.0,Europe,73.48,14255.98475,Equatorial Guinea,1977,192675.0,Africa,42.024,958.5668124,Mexico,1977.0,63759976.0,Americas,65.032,7674.929108,,,,,,,Kuwait,1982.0,1497494.0,Asia,71.309,31354.03573,Italy,1982.0,56535636.0,Europe,74.98,16537.4835,Equatorial Guinea,1982,285483.0,Africa,43.662,927.8253427,Mexico,1982.0,71640904.0,Americas,67.405,9611.147541,,,,,,,Kuwait,1987.0,1891487.0,Asia,74.174,28118.42998,Italy,1987.0,56729703.0,Europe,76.42,19207.23482,Equatorial Guinea,1987,341244.0,Africa,45.664,966.8968149,Mexico,1987.0,80122492.0,Americas,69.498,8688.156003,,,,,,,Kuwait,1992.0,1418095.0,Asia,75.19,34932.91959,Italy,1992.0,56840847.0,Europe,77.44,22013.64486,Equatorial Guinea,1992,387838.0,Africa,47.545,1132.055034,Mexico,1992.0,88111030.0,Americas,71.455,9472.384295,,,,,,,Kuwait,1997.0,1765345.0,Asia,76.156,40300.61996,Italy,1997.0,57479469.0,Europe,78.82,24675.02446,Equatorial Guinea,1997,439971.0,Africa,48.245,2814.480755,Mexico,1997.0,95895146.0,Americas,73.67,9767.29753,,,,,,,Kuwait,2002.0,2111561.0,Asia,76.904,35110.10566,Italy,2002.0,57926999.0,Europe,80.24,27968.09817,Equatorial Guinea,2002,495627.0,Africa,49.348,7703.4959,Mexico,2002.0,102479927.0,Americas,74.902,10742.44053,,,,,,,Kuwait,2007.0,2505559.0,Asia,77.588,47306.98978,Italy,2007.0,58147733.0,Europe,80.546,28569.7197,Equatorial Guinea,2007,551201.0,Africa,51.579,12154.08975,Mexico,2007.0,108700891.0,Americas,76.195,11977.57496,,,,,,
Lebanon,1952.0,1439529.0,Asia,55.928,4834.804067,Montenegro,1952.0,413834.0,Europe,59.164,2647.585601,Eritrea,1952,1438760.0,Africa,35.928,328.9405571,Nicaragua,1952.0,1165790.0,Americas,42.314,3112.363948,,,,,,,Lebanon,1962.0,1886848.0,Asia,62.094,5714.560611,Montenegro,1962.0,474528.0,Europe,63.728,4649.593785,Eritrea,1962,1666618.0,Africa,40.158,380.9958433,Nicaragua,1962.0,1590597.0,Americas,48.632,3634.364406,,,,,,,Lebanon,1967.0,2186894.0,Asia,63.87,6006.983042,Montenegro,1967.0,501035.0,Europe,67.178,5907.850937,Eritrea,1967,1820319.0,Africa,42.189,468.7949699,Nicaragua,1967.0,1865490.0,Americas,51.884,4643.393534,,,,,,,Lebanon,1972.0,2680018.0,Asia,65.421,7486.384341,Montenegro,1972.0,527678.0,Europe,70.636,7778.414017,Eritrea,1972,2260187.0,Africa,44.142,514.3242082,Nicaragua,1972.0,2182908.0,Americas,55.151,4688.593267,,,,,,,Lebanon,1977.0,3115787.0,Asia,66.099,8659.696836,Montenegro,1977.0,560073.0,Europe,73.066,9595.929905,Eritrea,1977,2512642.0,Africa,44.535,505.7538077,Nicaragua,1977.0,2554598.0,Americas,57.47,5486.371089,,,,,,,Lebanon,1982.0,3086876.0,Asia,66.983,7640.519521,Montenegro,1982.0,562548.0,Europe,74.101,11222.58762,Eritrea,1982,2637297.0,Africa,43.89,524.8758493,Nicaragua,1982.0,2979423.0,Americas,59.298,3470.338156,,,,,,,Lebanon,1987.0,3089353.0,Asia,67.926,5377.091329,Montenegro,1987.0,569473.0,Europe,74.865,11732.51017,Eritrea,1987,2915959.0,Africa,46.453,521.1341333,Nicaragua,1987.0,3344353.0,Americas,62.008,2955.984375,,,,,,,Lebanon,1992.0,3219994.0,Asia,69.292,6890.806854,Montenegro,1992.0,621621.0,Europe,75.435,7003.339037,Eritrea,1992,3668440.0,Africa,49.991,582.8585102,Nicaragua,1992.0,4017939.0,Americas,65.843,2170.151724,,,,,,,Lebanon,1997.0,3430388.0,Asia,70.265,8754.96385,Montenegro,1997.0,692651.0,Europe,75.445,6465.613349,Eritrea,1997,4058319.0,Africa,53.378,913.47079,Nicaragua,1997.0,4609572.0,Americas,68.426,2253.023004,,,,,,,Lebanon,2002.0,3677780.0,Asia,71.028,9313.93883,Montenegro,2002.0,720230.0,Europe,73.981,6557.194282,Eritrea,2002,4414865.0,Africa,55.24,765.3500015,Nicaragua,2002.0,5146848.0,Americas,70.836,2474.548819,,,,,,,Lebanon,2007.0,3921278.0,Asia,71.993,10461.05868,Montenegro,2007.0,684736.0,Europe,74.543,9253.896111,Eritrea,2007,4906585.0,Africa,58.04,641.3695236,Nicaragua,2007.0,5675356.0,Americas,72.899,2749.320965,,,,,,
Malaysia,1952.0,6748378.0,Asia,48.463,1831.132894,Netherlands,1952.0,10381988.0,Europe,72.13,8941.571858,Ethiopia,1952,20860941.0,Africa,34.078,362.1462796,Panama,1952.0,940080.0,Americas,55.191,2480.380334,,,,,,,Malaysia,1962.0,8906385.0,Asia,55.737,2036.884944,Netherlands,1962.0,11805689.0,Europe,73.23,12790.84956,Ethiopia,1962,25145372.0,Africa,40.059,419.4564161,Panama,1962.0,1215725.0,Americas,61.817,3536.540301,,,,,,,Malaysia,1967.0,10154878.0,Asia,59.371,2277.742396,Netherlands,1967.0,12596822.0,Europe,73.82,15363.25136,Ethiopia,1967,27860297.0,Africa,42.115,516.1186438,Panama,1967.0,1405486.0,Americas,64.071,4421.009084,,,,,,,Malaysia,1972.0,11441462.0,Asia,63.01,2849.09478,Netherlands,1972.0,13329874.0,Europe,73.75,18794.74567,Ethiopia,1972,30770372.0,Africa,43.515,566.2439442,Panama,1972.0,1616384.0,Americas,66.216,5364.249663,,,,,,,Malaysia,1977.0,12845381.0,Asia,65.256,3827.921571,Netherlands,1977.0,13852989.0,Europe,75.24,21209.0592,Ethiopia,1977,34617799.0,Africa,44.51,556.8083834,Panama,1977.0,1839782.0,Americas,68.681,5351.912144,,,,,,,Malaysia,1982.0,14441916.0,Asia,68.0,4920.355951,Netherlands,1982.0,14310401.0,Europe,76.05,21399.46046,Ethiopia,1982,38111756.0,Africa,44.916,577.8607471,Panama,1982.0,2036305.0,Americas,70.472,7009.601598,,,,,,,Malaysia,1987.0,16331785.0,Asia,69.5,5249.802653,Netherlands,1987.0,14665278.0,Europe,76.83,23651.32361,Ethiopia,1987,42999530.0,Africa,46.684,573.7413142,Panama,1987.0,2253639.0,Americas,71.523,7034.779161,,,,,,,Malaysia,1992.0,18319502.0,Asia,70.693,7277.912802,Netherlands,1992.0,15174244.0,Europe,77.42,26790.94961,Ethiopia,1992,52088559.0,Africa,48.091,421.3534653,Panama,1992.0,2484997.0,Americas,72.462,6618.74305,,,,,,,Malaysia,1997.0,20476091.0,Asia,71.938,10132.90964,Netherlands,1997.0,15604464.0,Europe,78.03,30246.13063,Ethiopia,1997,59861301.0,Africa,49.402,515.8894013,Panama,1997.0,2734531.0,Americas,73.738,7113.692252,,,,,,,Malaysia,2002.0,22662365.0,Asia,73.044,10206.97794,Netherlands,2002.0,16122830.0,Europe,78.53,33724.75778,Ethiopia,2002,67946797.0,Africa,50.725,530.0535319,Panama,2002.0,2990875.0,Americas,74.712,7356.031934,,,,,,,Malaysia,2007.0,24821286.0,Asia,74.241,12451.6558,Netherlands,2007.0,16570613.0,Europe,79.762,36797.93332,Ethiopia,2007,76511887.0,Africa,52.947,690.8055759,Panama,2007.0,3242173.0,Americas,75.537,9809.185636,,,,,,
Mongolia,1952.0,800663.0,Asia,42.244,786.5668575,Norway,1952.0,3327728.0,Europe,72.67,10095.42172,Gabon,1952,420702.0,Africa,37.003,4293.476475,Paraguay,1952.0,1555876.0,Americas,62.649,1952.308701,,,,,,,Mongolia,1962.0,1010280.0,Asia,48.251,1056.353958,Norway,1962.0,3638919.0,Europe,73.47,13450.40151,Gabon,1962,455661.0,Africa,40.489,6631.459222,Paraguay,1962.0,2009813.0,Americas,64.361,2148.027146,,,,,,,Mongolia,1967.0,1149500.0,Asia,51.253,1226.04113,Norway,1967.0,3786019.0,Europe,74.08,16361.87647,Gabon,1967,489004.0,Africa,44.598,8358.761987,Paraguay,1967.0,2287985.0,Americas,64.951,2299.376311,,,,,,,Mongolia,1972.0,1320500.0,Asia,53.754,1421.741975,Norway,1972.0,3933004.0,Europe,74.34,18965.05551,Gabon,1972,537977.0,Africa,48.69,11401.94841,Paraguay,1972.0,2614104.0,Americas,65.815,2523.337977,,,,,,,Mongolia,1977.0,1528000.0,Asia,55.491,1647.511665,Norway,1977.0,4043205.0,Europe,75.37,23311.34939,Gabon,1977,706367.0,Africa,52.79,21745.57328,Paraguay,1977.0,2984494.0,Americas,66.353,3248.373311,,,,,,,Mongolia,1982.0,1756032.0,Asia,57.489,2000.603139,Norway,1982.0,4114787.0,Europe,75.97,26298.63531,Gabon,1982,753874.0,Africa,56.564,15113.36194,Paraguay,1982.0,3366439.0,Americas,66.874,4258.503604,,,,,,,Mongolia,1987.0,2015133.0,Asia,60.222,2338.008304,Norway,1987.0,4186147.0,Europe,75.89,31540.9748,Gabon,1987,880397.0,Africa,60.19,11864.40844,Paraguay,1987.0,3886512.0,Americas,67.378,3998.875695,,,,,,,Mongolia,1992.0,2312802.0,Asia,61.271,1785.402016,Norway,1992.0,4286357.0,Europe,77.32,33965.66115,Gabon,1992,985739.0,Africa,61.366,13522.15752,Paraguay,1992.0,4483945.0,Americas,68.225,4196.411078,,,,,,,Mongolia,1997.0,2494803.0,Asia,63.625,1902.2521,Norway,1997.0,4405672.0,Europe,78.32,41283.16433,Gabon,1997,1126189.0,Africa,60.461,14722.84188,Paraguay,1997.0,5154123.0,Americas,69.4,4247.400261,,,,,,,Mongolia,2002.0,2674234.0,Asia,65.033,2140.739323,Norway,2002.0,4535591.0,Europe,79.05,44683.97525,Gabon,2002,1299304.0,Africa,56.761,12521.71392,Paraguay,2002.0,5884491.0,Americas,70.755,3783.674243,,,,,,,Mongolia,2007.0,2874127.0,Asia,66.803,3095.772271,Norway,2007.0,4627926.0,Europe,80.196,49357.19017,Gabon,2007,1454867.0,Africa,56.735,13206.48452,Paraguay,2007.0,6667147.0,Americas,71.752,4172.838464,,,,,,
Myanmar,1952.0,20092996.0,Asia,36.319,331.0,Poland,1952.0,25730551.0,Europe,61.31,4029.329699,Gambia,1952,284320.0,Africa,30.0,485.2306591,Peru,1952.0,8025700.0,Americas,43.902,3758.523437,,,,,,,Myanmar,1962.0,23634436.0,Asia,45.108,388.0,Poland,1962.0,30329617.0,Europe,67.64,5338.752143,Gambia,1962,374020.0,Africa,33.896,599.650276,Peru,1962.0,10516500.0,Americas,49.096,4957.037982,,,,,,,Myanmar,1967.0,25870271.0,Asia,49.379,349.0,Poland,1967.0,31785378.0,Europe,69.61,6557.152776,Gambia,1967,439593.0,Africa,35.857,734.7829124,Peru,1967.0,12132200.0,Americas,51.445,5788.09333,,,,,,,Myanmar,1972.0,28466390.0,Asia,53.07,357.0,Poland,1972.0,33039545.0,Europe,70.85,8006.506993,Gambia,1972,517101.0,Africa,38.308,756.0868363,Peru,1972.0,13954700.0,Americas,55.448,5937.827283,,,,,,,Myanmar,1977.0,31528087.0,Asia,56.059,371.0,Poland,1977.0,34621254.0,Europe,70.67,9508.141454,Gambia,1977,608274.0,Africa,41.842,884.7552507,Peru,1977.0,15990099.0,Americas,58.447,6281.290855,,,,,,,Myanmar,1982.0,34680442.0,Asia,58.056,424.0,Poland,1982.0,36227381.0,Europe,71.32,8451.531004,Gambia,1982,715523.0,Africa,45.58,835.8096108,Peru,1982.0,18125129.0,Americas,61.406,6434.501797,,,,,,,Myanmar,1987.0,38028578.0,Asia,58.339,385.0,Poland,1987.0,37740710.0,Europe,70.98,9082.351172,Gambia,1987,848406.0,Africa,49.265,611.6588611,Peru,1987.0,20195924.0,Americas,64.134,6360.943444,,,,,,,Myanmar,1992.0,40546538.0,Asia,59.32,347.0,Poland,1992.0,38370697.0,Europe,70.99,7738.881247,Gambia,1992,1025384.0,Africa,52.644,665.6244126,Peru,1992.0,22430449.0,Americas,66.458,4446.380924,,,,,,,Myanmar,1997.0,43247867.0,Asia,60.328,415.0,Poland,1997.0,38654957.0,Europe,72.75,10159.58368,Gambia,1997,1235767.0,Africa,55.861,653.7301704,Peru,1997.0,24748122.0,Americas,68.386,5838.347657,,,,,,,Myanmar,2002.0,45598081.0,Asia,59.908,611.0,Poland,2002.0,38625976.0,Europe,74.67,12002.23908,Gambia,2002,1457766.0,Africa,58.041,660.5855997,Peru,2002.0,26769436.0,Americas,69.906,5909.020073,,,,,,,Myanmar,2007.0,47761980.0,Asia,62.069,944.0,Poland,2007.0,38518241.0,Europe,75.563,15389.92468,Gambia,2007,1688359.0,Africa,59.448,752.7497265,Peru,2007.0,28674757.0,Americas,71.421,7408.905561,,,,,,
Nepal,1952.0,9182536.0,Asia,36.157,545.8657229,Portugal,1952.0,8526050.0,Europe,59.82,3068.319867,Ghana,1952,5581001.0,Africa,43.149,911.2989371,Puerto Rico,1952.0,2227000.0,Americas,64.28,3081.959785,,,,,,,Nepal,1962.0,10332057.0,Asia,39.393,652.3968593,Portugal,1962.0,9019800.0,Europe,64.39,4727.954889,Ghana,1962,7355248.0,Africa,46.452,1190.041118,Puerto Rico,1962.0,2448046.0,Americas,69.62,5108.34463,,,,,,,Nepal,1967.0,11261690.0,Asia,41.472,676.4422254,Portugal,1967.0,9103000.0,Europe,66.6,6361.517993,Ghana,1967,8490213.0,Africa,48.072,1125.69716,Puerto Rico,1967.0,2648961.0,Americas,71.1,6929.277714,,,,,,,Nepal,1972.0,12412593.0,Asia,43.971,674.7881296,Portugal,1972.0,8970450.0,Europe,69.26,9022.247417,Ghana,1972,9354120.0,Africa,49.875,1178.223708,Puerto Rico,1972.0,2847132.0,Americas,72.16,9123.041742,,,,,,,Nepal,1977.0,13933198.0,Asia,46.748,694.1124398,Portugal,1977.0,9662600.0,Europe,70.41,10172.48572,Ghana,1977,10538093.0,Africa,51.756,993.2239571,Puerto Rico,1977.0,3080828.0,Americas,73.44,9770.524921,,,,,,,Nepal,1982.0,15796314.0,Asia,49.594,718.3730947,Portugal,1982.0,9859650.0,Europe,72.77,11753.84291,Ghana,1982,11400338.0,Africa,53.744,876.032569,Puerto Rico,1982.0,3279001.0,Americas,73.75,10330.98915,,,,,,,Nepal,1987.0,17917180.0,Asia,52.537,775.6324501,Portugal,1987.0,9915289.0,Europe,74.06,13039.30876,Ghana,1987,14168101.0,Africa,55.729,847.0061135,Puerto Rico,1987.0,3444468.0,Americas,74.63,12281.34191,,,,,,,Nepal,1992.0,20326209.0,Asia,55.727,897.7403604,Portugal,1992.0,9927680.0,Europe,74.86,16207.26663,Ghana,1992,16278738.0,Africa,57.501,925.060154,Puerto Rico,1992.0,3585176.0,Americas,73.911,14641.58711,,,,,,,Nepal,1997.0,23001113.0,Asia,59.426,1010.892138,Portugal,1997.0,10156415.0,Europe,75.97,17641.03156,Ghana,1997,18418288.0,Africa,58.556,1005.245812,Puerto Rico,1997.0,3759430.0,Americas,74.917,16999.4333,,,,,,,Nepal,2002.0,25873917.0,Asia,61.34,1057.206311,Portugal,2002.0,10433867.0,Europe,77.29,19970.90787,Ghana,2002,20550751.0,Africa,58.453,1111.984578,Puerto Rico,2002.0,3859606.0,Americas,77.778,18855.60618,,,,,,,Nepal,2007.0,28901790.0,Asia,63.785,1091.359778,Portugal,2007.0,10642836.0,Europe,78.098,20509.64777,Ghana,2007,22873338.0,Africa,60.022,1327.60891,Puerto Rico,2007.0,3942491.0,Americas,78.746,19328.70901,,,,,,
Oman,1952.0,507833.0,Asia,37.578,1828.230307,Romania,1952.0,16630000.0,Europe,61.05,3144.613186,Guinea,1952,2664249.0,Africa,33.609,510.1964923,Trinidad and Tobago,1952.0,662850.0,Americas,59.1,3023.271928,,,,,,,Oman,1962.0,628164.0,Asia,43.165,2924.638113,Romania,1962.0,18680721.0,Europe,66.8,4734.997586,Guinea,1962,3140003.0,Africa,35.753,686.3736739,Trinidad and Tobago,1962.0,887498.0,Americas,64.9,4997.523971,,,,,,,Oman,1967.0,714775.0,Asia,46.988,4720.942687,Romania,1967.0,19284814.0,Europe,66.8,6470.866545,Guinea,1967,3451418.0,Africa,37.197,708.7595409,Trinidad and Tobago,1967.0,960155.0,Americas,65.4,5621.368472,,,,,,,Oman,1972.0,829050.0,Asia,52.143,10618.03855,Romania,1972.0,20662648.0,Europe,69.21,8011.414402,Guinea,1972,3811387.0,Africa,38.842,741.6662307,Trinidad and Tobago,1972.0,975199.0,Americas,65.9,6619.551419,,,,,,,Oman,1977.0,1004533.0,Asia,57.367,11848.34392,Romania,1977.0,21658597.0,Europe,69.46,9356.39724,Guinea,1977,4227026.0,Africa,40.762,874.6858643,Trinidad and Tobago,1977.0,1039009.0,Americas,68.3,7899.554209,,,,,,,Oman,1982.0,1301048.0,Asia,62.728,12954.79101,Romania,1982.0,22356726.0,Europe,69.66,9605.314053,Guinea,1982,4710497.0,Africa,42.891,857.2503577,Trinidad and Tobago,1982.0,1116479.0,Americas,68.832,9119.528607,,,,,,,Oman,1987.0,1593882.0,Asia,67.734,18115.22313,Romania,1987.0,22686371.0,Europe,69.53,9696.273295,Guinea,1987,5650262.0,Africa,45.552,805.5724718,Trinidad and Tobago,1987.0,1191336.0,Americas,69.582,7388.597823,,,,,,,Oman,1992.0,1915208.0,Asia,71.197,18616.70691,Romania,1992.0,22797027.0,Europe,69.36,6598.409903,Guinea,1992,6990574.0,Africa,48.576,794.3484384,Trinidad and Tobago,1992.0,1183669.0,Americas,69.862,7370.990932,,,,,,,Oman,1997.0,2283635.0,Asia,72.499,19702.05581,Romania,1997.0,22562458.0,Europe,69.72,7346.547557,Guinea,1997,8048834.0,Africa,51.455,869.4497668,Trinidad and Tobago,1997.0,1138101.0,Americas,69.465,8792.573126,,,,,,,Oman,2002.0,2713462.0,Asia,74.193,19774.83687,Romania,2002.0,22404337.0,Europe,71.322,7885.360081,Guinea,2002,8807818.0,Africa,53.676,945.5835837,Trinidad and Tobago,2002.0,1101832.0,Americas,68.976,11460.60023,,,,,,,Oman,2007.0,3204897.0,Asia,75.64,22316.19287,Romania,2007.0,22276056.0,Europe,72.476,10808.47561,Guinea,2007,9947814.0,Africa,56.007,942.6542111,Trinidad and Tobago,2007.0,1056608.0,Americas,69.819,18008.50924,,,,,,
Pakistan,1952.0,41346560.0,Asia,43.436,684.5971438,Serbia,1952.0,6860147.0,Europe,57.996,3581.459448,Guinea-Bissau,1952,580653.0,Africa,32.5,299.850319,United States,1952.0,157553000.0,Americas,68.44,13990.48208,,,,,,,Pakistan,1962.0,53100671.0,Asia,47.67,803.3427418,Serbia,1962.0,7616060.0,Europe,64.531,6289.629157,Guinea-Bissau,1962,627820.0,Africa,34.488,522.0343725,United States,1962.0,186538000.0,Americas,70.21,16173.14586,,,,,,,Pakistan,1967.0,60641899.0,Asia,49.8,942.4082588,Serbia,1967.0,7971222.0,Europe,66.914,7991.707066,Guinea-Bissau,1967,601287.0,Africa,35.492,715.5806402,United States,1967.0,198712000.0,Americas,70.76,19530.36557,,,,,,,Pakistan,1972.0,69325921.0,Asia,51.929,1049.938981,Serbia,1972.0,8313288.0,Europe,68.7,10522.06749,Guinea-Bissau,1972,625361.0,Africa,36.486,820.2245876,United States,1972.0,209896000.0,Americas,71.34,21806.03594,,,,,,,Pakistan,1977.0,78152686.0,Asia,54.043,1175.921193,Serbia,1977.0,8686367.0,Europe,70.3,12980.66956,Guinea-Bissau,1977,745228.0,Africa,37.465,764.7259628,United States,1977.0,220239000.0,Americas,73.38,24072.63213,,,,,,,Pakistan,1982.0,91462088.0,Asia,56.158,1443.429832,Serbia,1982.0,9032824.0,Europe,70.162,15181.0927,Guinea-Bissau,1982,825987.0,Africa,39.327,838.1239671,United States,1982.0,232187835.0,Americas,74.65,25009.55914,,,,,,,Pakistan,1987.0,105186881.0,Asia,58.245,1704.686583,Serbia,1987.0,9230783.0,Europe,71.218,15870.87851,Guinea-Bissau,1987,927524.0,Africa,41.245,736.4153921,United States,1987.0,242803533.0,Americas,75.02,29884.35041,,,,,,,Pakistan,1992.0,120065004.0,Asia,60.838,1971.829464,Serbia,1992.0,9826397.0,Europe,71.659,9325.068238,Guinea-Bissau,1992,1050938.0,Africa,43.266,745.5398706,United States,1992.0,256894189.0,Americas,76.09,32003.93224,,,,,,,Pakistan,1997.0,135564834.0,Asia,61.818,2049.350521,Serbia,1997.0,10336594.0,Europe,72.232,7914.320304,Guinea-Bissau,1997,1193708.0,Africa,44.873,796.6644681,United States,1997.0,272911760.0,Americas,76.81,35767.43303,,,,,,,Pakistan,2002.0,153403524.0,Asia,63.61,2092.712441,Serbia,2002.0,10111559.0,Europe,73.213,7236.075251,Guinea-Bissau,2002,1332459.0,Africa,45.504,575.7047176,United States,2002.0,287675526.0,Americas,77.31,39097.09955,,,,,,,Pakistan,2007.0,169270617.0,Asia,65.483,2605.94758,Serbia,2007.0,10150265.0,Europe,74.002,9786.534714,Guinea-Bissau,2007,1472041.0,Africa,46.388,579.231743,United States,2007.0,301139947.0,Americas,78.242,42951.65309,,,,,,
Philippines,1952.0,22438691.0,Asia,47.752,1272.880995,Slovak Republic,1952.0,3558137.0,Europe,64.36,5074.659104,Kenya,1952,6464046.0,Africa,42.27,853.540919,Uruguay,1952.0,2252965.0,Americas,66.071,5716.766744,,,,,,,Philippines,1962.0,30325264.0,Asia,54.757,1649.552153,Slovak Republic,1962.0,4237384.0,Europe,70.33,7481.107598,Kenya,1962,8678557.0,Africa,47.949,896.9663732,Uruguay,1962.0,2598466.0,Americas,68.253,5603.357717,,,,,,,Philippines,1967.0,35356600.0,Asia,56.393,1814.12743,Slovak Republic,1967.0,4442238.0,Europe,70.98,8412.902397,Kenya,1967,10191512.0,Africa,50.654,1056.736457,Uruguay,1967.0,2748579.0,Americas,68.468,5444.61962,,,,,,,Philippines,1972.0,40850141.0,Asia,58.065,1989.37407,Slovak Republic,1972.0,4593433.0,Europe,70.35,9674.167626,Kenya,1972,12044785.0,Africa,53.559,1222.359968,Uruguay,1972.0,2829526.0,Americas,68.673,5703.408898,,,,,,,Philippines,1977.0,46850962.0,Asia,60.06,2373.204287,Slovak Republic,1977.0,4827803.0,Europe,70.45,10922.66404,Kenya,1977,14500404.0,Africa,56.155,1267.613204,Uruguay,1977.0,2873520.0,Americas,69.481,6504.339663,,,,,,,Philippines,1982.0,53456774.0,Asia,62.082,2603.273765,Slovak Republic,1982.0,5048043.0,Europe,70.8,11348.54585,Kenya,1982,17661452.0,Africa,58.766,1348.225791,Uruguay,1982.0,2953997.0,Americas,70.805,6920.223051,,,,,,,Philippines,1987.0,60017788.0,Asia,64.151,2189.634995,Slovak Republic,1987.0,5199318.0,Europe,71.08,12037.26758,Kenya,1987,21198082.0,Africa,59.339,1361.936856,Uruguay,1987.0,3045153.0,Americas,71.918,7452.398969,,,,,,,Philippines,1992.0,67185766.0,Asia,66.458,2279.324017,Slovak Republic,1992.0,5302888.0,Europe,71.38,9498.467723,Kenya,1992,25020539.0,Africa,59.285,1341.921721,Uruguay,1992.0,3149262.0,Americas,72.752,8137.004775,,,,,,,Philippines,1997.0,75012988.0,Asia,68.564,2536.534925,Slovak Republic,1997.0,5383010.0,Europe,72.71,12126.23065,Kenya,1997,28263827.0,Africa,54.407,1360.485021,Uruguay,1997.0,3262838.0,Americas,74.223,9230.240708,,,,,,,Philippines,2002.0,82995088.0,Asia,70.303,2650.921068,Slovak Republic,2002.0,5410052.0,Europe,73.8,13638.77837,Kenya,2002,31386842.0,Africa,50.992,1287.514732,Uruguay,2002.0,3363085.0,Americas,75.307,7727.002004,,,,,,,Philippines,2007.0,91077287.0,Asia,71.688,3190.481016,Slovak Republic,2007.0,5447502.0,Europe,74.663,18678.31435,Kenya,2007,35610177.0,Africa,54.11,1463.249282,Uruguay,2007.0,3447496.0,Americas,76.384,10611.46299,,,,,,
Saudi Arabia,1952.0,4005677.0,Asia,39.875,6459.554823,Slovenia,1952.0,1489518.0,Europe,65.57,4215.041741,Lesotho,1952,748747.0,Africa,42.138,298.8462121,Venezuela,1952.0,5439568.0,Americas,55.088,7689.799761,,,,,,,Saudi Arabia,1962.0,4943029.0,Asia,45.914,11626.41975,Slovenia,1962.0,1582962.0,Europe,69.15,7402.303395,Lesotho,1962,893143.0,Africa,47.747,411.8006266,Venezuela,1962.0,8143375.0,Americas,60.77,8422.974165,,,,,,,Saudi Arabia,1967.0,5618198.0,Asia,49.901,16903.04886,Slovenia,1967.0,1646912.0,Europe,69.18,9405.489397,Lesotho,1967,996380.0,Africa,48.492,498.6390265,Venezuela,1967.0,9709552.0,Americas,63.479,9541.474188,,,,,,,Saudi Arabia,1972.0,6472756.0,Asia,53.886,24837.42865,Slovenia,1972.0,1694510.0,Europe,69.82,12383.4862,Lesotho,1972,1116779.0,Africa,49.767,496.5815922,Venezuela,1972.0,11515649.0,Americas,65.712,10505.25966,,,,,,,Saudi Arabia,1977.0,8128505.0,Asia,58.69,34167.7626,Slovenia,1977.0,1746919.0,Europe,70.97,15277.03017,Lesotho,1977,1251524.0,Africa,52.208,745.3695408,Venezuela,1977.0,13503563.0,Americas,67.456,13143.95095,,,,,,,Saudi Arabia,1982.0,11254672.0,Asia,63.012,33693.17525,Slovenia,1982.0,1861252.0,Europe,71.063,17866.72175,Lesotho,1982,1411807.0,Africa,55.078,797.2631074,Venezuela,1982.0,15620766.0,Americas,68.557,11152.41011,,,,,,,Saudi Arabia,1987.0,14619745.0,Asia,66.295,21198.26136,Slovenia,1987.0,1945870.0,Europe,72.25,18678.53492,Lesotho,1987,1599200.0,Africa,57.18,773.9932141,Venezuela,1987.0,17910182.0,Americas,70.19,9883.584648,,,,,,,Saudi Arabia,1992.0,16945857.0,Asia,68.768,24841.61777,Slovenia,1992.0,1999210.0,Europe,73.64,14214.71681,Lesotho,1992,1803195.0,Africa,59.685,977.4862725,Venezuela,1992.0,20265563.0,Americas,71.15,10733.92631,,,,,,,Saudi Arabia,1997.0,21229759.0,Asia,70.533,20586.69019,Slovenia,1997.0,2011612.0,Europe,75.13,17161.10735,Lesotho,1997,1982823.0,Africa,55.558,1186.147994,Venezuela,1997.0,22374398.0,Americas,72.146,10165.49518,,,,,,,Saudi Arabia,2002.0,24501530.0,Asia,71.626,19014.54118,Slovenia,2002.0,2011497.0,Europe,76.66,20660.01936,Lesotho,2002,2046772.0,Africa,44.593,1275.184575,Venezuela,2002.0,24287670.0,Americas,72.766,8605.047831,,,,,,,Saudi Arabia,2007.0,27601038.0,Asia,72.777,21654.83194,Slovenia,2007.0,2009245.0,Europe,77.926,25768.25759,Lesotho,2007,2012649.0,Africa,42.592,1569.331442,Venezuela,2007.0,26084662.0,Americas,73.747,11415.80569,,,,,,
Singapore,1952.0,1127000.0,Asia,60.396,2315.138227,Spain,1952.0,28549870.0,Europe,64.94,3834.034742,Liberia,1952,863308.0,Africa,38.48,575.5729961,,,,,,,,,,,,,Singapore,1962.0,1750200.0,Asia,65.798,3674.735572,Spain,1962.0,31158061.0,Europe,69.69,5693.843879,Liberia,1962,1112796.0,Africa,40.502,634.1951625,,,,,,,,,,,,,Singapore,1967.0,1977600.0,Asia,67.946,4977.41854,Spain,1967.0,32850275.0,Europe,71.44,7993.512294,Liberia,1967,1279406.0,Africa,41.536,713.6036483,,,,,,,,,,,,,Singapore,1972.0,2152400.0,Asia,69.521,8597.756202,Spain,1972.0,34513161.0,Europe,73.06,10638.75131,Liberia,1972,1482628.0,Africa,42.614,803.0054535,,,,,,,,,,,,,Singapore,1977.0,2325300.0,Asia,70.795,11210.08948,Spain,1977.0,36439000.0,Europe,74.39,13236.92117,Liberia,1977,1703617.0,Africa,43.764,640.3224383,,,,,,,,,,,,,Singapore,1982.0,2651869.0,Asia,71.76,15169.16112,Spain,1982.0,37983310.0,Europe,76.3,13926.16997,Liberia,1982,1956875.0,Africa,44.852,572.1995694,,,,,,,,,,,,,Singapore,1987.0,2794552.0,Asia,73.56,18861.53081,Spain,1987.0,38880702.0,Europe,76.9,15764.98313,Liberia,1987,2269414.0,Africa,46.027,506.1138573,,,,,,,,,,,,,Singapore,1992.0,3235865.0,Asia,75.788,24769.8912,Spain,1992.0,39549438.0,Europe,77.57,18603.06452,Liberia,1992,1912974.0,Africa,40.802,636.6229191,,,,,,,,,,,,,Singapore,1997.0,3802309.0,Asia,77.158,33519.4766,Spain,1997.0,39855442.0,Europe,78.77,20445.29896,Liberia,1997,2200725.0,Africa,42.221,609.1739508,,,,,,,,,,,,,Singapore,2002.0,4197776.0,Asia,78.77,36023.1054,Spain,2002.0,40152517.0,Europe,79.78,24835.47166,Liberia,2002,2814651.0,Africa,43.753,531.4823679,,,,,,,,,,,,,Singapore,2007.0,4553009.0,Asia,79.972,47143.17964,Spain,2007.0,40448191.0,Europe,80.941,28821.0637,Liberia,2007,3193942.0,Africa,45.678,414.5073415,,,,,,,,,,,,
Sri Lanka,1952.0,7982342.0,Asia,57.593,1083.53203,Sweden,1952.0,7124673.0,Europe,71.86,8527.844662,Libya,1952,1019729.0,Africa,42.723,2387.54806,,,,,,,,,,,,,Sri Lanka,1962.0,10421936.0,Asia,62.192,1074.47196,Sweden,1962.0,7561588.0,Europe,73.37,12329.44192,Libya,1962,1441863.0,Africa,47.808,6757.030816,,,,,,,,,,,,,Sri Lanka,1967.0,11737396.0,Asia,64.266,1135.514326,Sweden,1967.0,7867931.0,Europe,74.16,15258.29697,Libya,1967,1759224.0,Africa,50.227,18772.75169,,,,,,,,,,,,,Sri Lanka,1972.0,13016733.0,Asia,65.042,1213.39553,Sweden,1972.0,8122293.0,Europe,74.72,17832.02464,Libya,1972,2183877.0,Africa,52.773,21011.49721,,,,,,,,,,,,,Sri Lanka,1977.0,14116836.0,Asia,65.949,1348.775651,Sweden,1977.0,8251648.0,Europe,75.44,18855.72521,Libya,1977,2721783.0,Africa,57.442,21951.21176,,,,,,,,,,,,,Sri Lanka,1982.0,15410151.0,Asia,68.757,1648.079789,Sweden,1982.0,8325260.0,Europe,76.42,20667.38125,Libya,1982,3344074.0,Africa,62.155,17364.27538,,,,,,,,,,,,,Sri Lanka,1987.0,16495304.0,Asia,69.011,1876.766827,Sweden,1987.0,8421403.0,Europe,77.19,23586.92927,Libya,1987,3799845.0,Africa,66.234,11770.5898,,,,,,,,,,,,,Sri Lanka,1992.0,17587060.0,Asia,70.379,2153.739222,Sweden,1992.0,8718867.0,Europe,78.16,23880.01683,Libya,1992,4364501.0,Africa,68.755,9640.138501,,,,,,,,,,,,,Sri Lanka,1997.0,18698655.0,Asia,70.457,2664.477257,Sweden,1997.0,8897619.0,Europe,79.39,25266.59499,Libya,1997,4759670.0,Africa,71.555,9467.446056,,,,,,,,,,,,,Sri Lanka,2002.0,19576783.0,Asia,70.815,3015.378833,Sweden,2002.0,8954175.0,Europe,80.04,29341.63093,Libya,2002,5368585.0,Africa,72.737,9534.677467,,,,,,,,,,,,,Sri Lanka,2007.0,20378239.0,Asia,72.396,3970.095407,Sweden,2007.0,9031088.0,Europe,80.884,33859.74835,Libya,2007,6036914.0,Africa,73.952,12057.49928,,,,,,,,,,,,
Syria,1952.0,3661549.0,Asia,45.883,1643.485354,Switzerland,1952.0,4815000.0,Europe,69.62,14734.23275,Madagascar,1952,4762912.0,Africa,36.681,1443.011715,,,,,,,,,,,,,Syria,1962.0,4834621.0,Asia,50.305,2193.037133,Switzerland,1962.0,5666000.0,Europe,71.32,20431.0927,Madagascar,1962,5703324.0,Africa,40.848,1643.38711,,,,,,,,,,,,,Syria,1967.0,5680812.0,Asia,53.655,1881.923632,Switzerland,1967.0,6063000.0,Europe,72.77,22966.14432,Madagascar,1967,6334556.0,Africa,42.881,1634.047282,,,,,,,,,,,,,Syria,1972.0,6701172.0,Asia,57.296,2571.423014,Switzerland,1972.0,6401400.0,Europe,73.78,27195.11304,Madagascar,1972,7082430.0,Africa,44.851,1748.562982,,,,,,,,,,,,,Syria,1977.0,7932503.0,Asia,61.195,3195.484582,Switzerland,1977.0,6316424.0,Europe,75.39,26982.29052,Madagascar,1977,8007166.0,Africa,46.881,1544.228586,,,,,,,,,,,,,Syria,1982.0,9410494.0,Asia,64.59,3761.837715,Switzerland,1982.0,6468126.0,Europe,76.21,28397.71512,Madagascar,1982,9171477.0,Africa,48.969,1302.878658,,,,,,,,,,,,,Syria,1987.0,11242847.0,Asia,66.974,3116.774285,Switzerland,1987.0,6649942.0,Europe,77.41,30281.70459,Madagascar,1987,10568642.0,Africa,49.35,1155.441948,,,,,,,,,,,,,Syria,1992.0,13219062.0,Asia,69.249,3340.542768,Switzerland,1992.0,6995447.0,Europe,78.03,31871.5303,Madagascar,1992,12210395.0,Africa,52.214,1040.67619,,,,,,,,,,,,,Syria,1997.0,15081016.0,Asia,71.527,4014.238972,Switzerland,1997.0,7193761.0,Europe,79.37,32135.32301,Madagascar,1997,14165114.0,Africa,54.978,986.2958956,,,,,,,,,,,,,Syria,2002.0,17155814.0,Asia,73.053,4090.925331,Switzerland,2002.0,7361757.0,Europe,80.62,34480.95771,Madagascar,2002,16473477.0,Africa,57.286,894.6370822,,,,,,,,,,,,,Syria,2007.0,19314747.0,Asia,74.143,4184.548089,Switzerland,2007.0,7554661.0,Europe,81.701,37506.41907,Madagascar,2007,19167654.0,Africa,59.443,1044.770126,,,,,,,,,,,,
Taiwan,1952.0,8550362.0,Asia,58.5,1206.947913,Turkey,1952.0,22235677.0,Europe,43.585,1969.10098,Malawi,1952,2917802.0,Africa,36.256,369.1650802,,,,,,,,,,,,,Taiwan,1962.0,11918938.0,Asia,65.2,1822.879028,Turkey,1962.0,29788695.0,Europe,52.098,2322.869908,Malawi,1962,3628608.0,Africa,38.41,427.9010856,,,,,,,,,,,,,Taiwan,1967.0,13648692.0,Asia,67.5,2643.858681,Turkey,1967.0,33411317.0,Europe,54.336,2826.356387,Malawi,1967,4147252.0,Africa,39.487,495.5147806,,,,,,,,,,,,,Taiwan,1972.0,15226039.0,Asia,69.39,4062.523897,Turkey,1972.0,37492953.0,Europe,57.005,3450.69638,Malawi,1972,4730997.0,Africa,41.766,584.6219709,,,,,,,,,,,,,Taiwan,1977.0,16785196.0,Asia,70.59,5596.519826,Turkey,1977.0,42404033.0,Europe,59.507,4269.122326,Malawi,1977,5637246.0,Africa,43.767,663.2236766,,,,,,,,,,,,,Taiwan,1982.0,18501390.0,Asia,72.16,7426.354774,Turkey,1982.0,47328791.0,Europe,61.036,4241.356344,Malawi,1982,6502825.0,Africa,45.642,632.8039209,,,,,,,,,,,,,Taiwan,1987.0,19757799.0,Asia,73.4,11054.56175,Turkey,1987.0,52881328.0,Europe,63.108,5089.043686,Malawi,1987,7824747.0,Africa,47.457,635.5173634,,,,,,,,,,,,,Taiwan,1992.0,20686918.0,Asia,74.26,15215.6579,Turkey,1992.0,58179144.0,Europe,66.146,5678.348271,Malawi,1992,10014249.0,Africa,49.42,563.2000145,,,,,,,,,,,,,Taiwan,1997.0,21628605.0,Asia,75.25,20206.82098,Turkey,1997.0,63047647.0,Europe,68.835,6601.429915,Malawi,1997,10419991.0,Africa,47.495,692.2758103,,,,,,,,,,,,,Taiwan,2002.0,22454239.0,Asia,76.99,23235.42329,Turkey,2002.0,67308928.0,Europe,70.845,6508.085718,Malawi,2002,11824495.0,Africa,45.009,665.4231186,,,,,,,,,,,,,Taiwan,2007.0,23174294.0,Asia,78.4,28718.27684,Turkey,2007.0,71158647.0,Europe,71.777,8458.276384,Malawi,2007,13327079.0,Africa,48.303,759.3499101,,,,,,,,,,,,
Thailand,1952.0,21289402.0,Asia,50.848,757.7974177,United Kingdom,1952.0,50430000.0,Europe,69.18,9979.508487,Mali,1952,3838168.0,Africa,33.685,452.3369807,,,,,,,,,,,,,Thailand,1962.0,29263397.0,Asia,56.061,1002.199172,United Kingdom,1962.0,53292000.0,Europe,70.76,12477.17707,Mali,1962,4690372.0,Africa,36.936,496.1743428,,,,,,,,,,,,,Thailand,1967.0,34024249.0,Asia,58.285,1295.46066,United Kingdom,1967.0,54959000.0,Europe,71.36,14142.85089,Mali,1967,5212416.0,Africa,38.487,545.0098873,,,,,,,,,,,,,Thailand,1972.0,39276153.0,Asia,60.405,1524.358936,United Kingdom,1972.0,56079000.0,Europe,72.01,15895.11641,Mali,1972,5828158.0,Africa,39.977,581.3688761,,,,,,,,,,,,,Thailand,1977.0,44148285.0,Asia,62.494,1961.224635,United Kingdom,1977.0,56179000.0,Europe,72.76,17428.74846,Mali,1977,6491649.0,Africa,41.714,686.3952693,,,,,,,,,,,,,Thailand,1982.0,48827160.0,Asia,64.597,2393.219781,United Kingdom,1982.0,56339704.0,Europe,74.04,18232.42452,Mali,1982,6998256.0,Africa,43.916,618.0140641,,,,,,,,,,,,,Thailand,1987.0,52910342.0,Asia,66.084,2982.653773,United Kingdom,1987.0,56981620.0,Europe,75.007,21664.78767,Mali,1987,7634008.0,Africa,46.364,684.1715576,,,,,,,,,,,,,Thailand,1992.0,56667095.0,Asia,67.298,4616.896545,United Kingdom,1992.0,57866349.0,Europe,76.42,22705.09254,Mali,1992,8416215.0,Africa,48.388,739.014375,,,,,,,,,,,,,Thailand,1997.0,60216677.0,Asia,67.521,5852.625497,United Kingdom,1997.0,58808266.0,Europe,77.218,26074.53136,Mali,1997,9384984.0,Africa,49.903,790.2579846,,,,,,,,,,,,,Thailand,2002.0,62806748.0,Asia,68.564,5913.187529,United Kingdom,2002.0,59912431.0,Europe,78.471,29478.99919,Mali,2002,10580176.0,Africa,51.818,951.4097518,,,,,,,,,,,,,Thailand,2007.0,65068149.0,Asia,70.616,7458.396327,United Kingdom,2007.0,60776238.0,Europe,79.425,33203.26128,Mali,2007,12031795.0,Africa,54.467,1042.581557,,,,,,,,,,,,
Vietnam,1952.0,26246839.0,Asia,40.412,605.0664917,,,,,,,Mauritania,1952,1022556.0,Africa,40.543,743.1159097,,,,,,,,,,,,,Vietnam,1962.0,33796140.0,Asia,45.363,772.0491602,,,,,,,Mauritania,1962,1146757.0,Africa,44.248,1055.896036,,,,,,,,,,,,,Vietnam,1967.0,39463910.0,Asia,47.838,637.1232887,,,,,,,Mauritania,1967,1230542.0,Africa,46.289,1421.145193,,,,,,,,,,,,,Vietnam,1972.0,44655014.0,Asia,50.254,699.5016441,,,,,,,Mauritania,1972,1332786.0,Africa,48.437,1586.851781,,,,,,,,,,,,,Vietnam,1977.0,50533506.0,Asia,55.764,713.5371196,,,,,,,Mauritania,1977,1456688.0,Africa,50.852,1497.492223,,,,,,,,,,,,,Vietnam,1982.0,56142181.0,Asia,58.816,707.2357863,,,,,,,Mauritania,1982,1622136.0,Africa,53.599,1481.150189,,,,,,,,,,,,,Vietnam,1987.0,62826491.0,Asia,62.82,820.7994449,,,,,,,Mauritania,1987,1841240.0,Africa,56.145,1421.603576,,,,,,,,,,,,,Vietnam,1992.0,69940728.0,Asia,67.662,989.0231487,,,,,,,Mauritania,1992,2119465.0,Africa,58.333,1361.369784,,,,,,,,,,,,,Vietnam,1997.0,76048996.0,Asia,70.672,1385.896769,,,,,,,Mauritania,1997,2444741.0,Africa,60.43,1483.136136,,,,,,,,,,,,,Vietnam,2002.0,80908147.0,Asia,73.017,1764.456677,,,,,,,Mauritania,2002,2828858.0,Africa,62.247,1579.019543,,,,,,,,,,,,,Vietnam,2007.0,85262356.0,Asia,74.249,2441.576404,,,,,,,Mauritania,2007,3270065.0,Africa,64.164,1803.151496,,,,,,,,,,,,
West Bank and Gaza,1952.0,1030585.0,Asia,43.16,1515.592329,,,,,,,Mauritius,1952,516556.0,Africa,50.986,1967.955707,,,,,,,,,,,,,West Bank and Gaza,1962.0,1133134.0,Asia,48.127,2198.956312,,,,,,,Mauritius,1962,701016.0,Africa,60.246,2529.067487,,,,,,,,,,,,,West Bank and Gaza,1967.0,1142636.0,Asia,51.631,2649.715007,,,,,,,Mauritius,1967,789309.0,Africa,61.557,2475.387562,,,,,,,,,,,,,West Bank and Gaza,1972.0,1089572.0,Asia,56.532,3133.409277,,,,,,,Mauritius,1972,851334.0,Africa,62.944,2575.484158,,,,,,,,,,,,,West Bank and Gaza,1977.0,1261091.0,Asia,60.765,3682.831494,,,,,,,Mauritius,1977,913025.0,Africa,64.93,3710.982963,,,,,,,,,,,,,West Bank and Gaza,1982.0,1425876.0,Asia,64.406,4336.032082,,,,,,,Mauritius,1982,992040.0,Africa,66.711,3688.037739,,,,,,,,,,,,,West Bank and Gaza,1987.0,1691210.0,Asia,67.046,5107.197384,,,,,,,Mauritius,1987,1042663.0,Africa,68.74,4783.586903,,,,,,,,,,,,,West Bank and Gaza,1992.0,2104779.0,Asia,69.718,6017.654756,,,,,,,Mauritius,1992,1096202.0,Africa,69.745,6058.253846,,,,,,,,,,,,,West Bank and Gaza,1997.0,2826046.0,Asia,71.096,7110.667619,,,,,,,Mauritius,1997,1149818.0,Africa,70.736,7425.705295,,,,,,,,,,,,,West Bank and Gaza,2002.0,3389578.0,Asia,72.37,4515.487575,,,,,,,Mauritius,2002,1200206.0,Africa,71.954,9021.815894,,,,,,,,,,,,,West Bank and Gaza,2007.0,4018332.0,Asia,73.422,3025.349798,,,,,,,Mauritius,2007,1250882.0,Africa,72.801,10956.99112,,,,,,,,,,,,
"Yemen, Rep.",1952.0,4963829.0,Asia,32.548,781.7175761,,,,,,,Morocco,1952,9939217.0,Africa,42.873,1688.20357,,,,,,,,,,,,,"Yemen, Rep.",1962.0,6120081.0,Asia,35.18,825.6232006,,,,,,,Morocco,1962,13056604.0,Africa,47.924,1566.353493,,,,,,,,,,,,,"Yemen, Rep.",1967.0,6740785.0,Asia,36.984,862.4421463,,,,,,,Morocco,1967,14770296.0,Africa,50.335,1711.04477,,,,,,,,,,,,,"Yemen, Rep.",1972.0,7407075.0,Asia,39.848,1265.047031,,,,,,,Morocco,1972,16660670.0,Africa,52.862,1930.194975,,,,,,,,,,,,,"Yemen, Rep.",1977.0,8403990.0,Asia,44.175,1829.765177,,,,,,,Morocco,1977,18396941.0,Africa,55.73,2370.619976,,,,,,,,,,,,,"Yemen, Rep.",1982.0,9657618.0,Asia,49.113,1977.55701,,,,,,,Morocco,1982,20198730.0,Africa,59.65,2702.620356,,,,,,,,,,,,,"Yemen, Rep.",1987.0,11219340.0,Asia,52.922,1971.741538,,,,,,,Morocco,1987,22987397.0,Africa,62.677,2755.046991,,,,,,,,,,,,,"Yemen, Rep.",1992.0,13367997.0,Asia,55.599,1879.496673,,,,,,,Morocco,1992,25798239.0,Africa,65.393,2948.047252,,,,,,,,,,,,,"Yemen, Rep.",1997.0,15826497.0,Asia,58.02,2117.484526,,,,,,,Morocco,1997,28529501.0,Africa,67.66,2982.101858,,,,,,,,,,,,,"Yemen, Rep.",2002.0,18701257.0,Asia,60.308,2234.820827,,,,,,,Morocco,2002,31167783.0,Africa,69.615,3258.495584,,,,,,,,,,,,,"Yemen, Rep.",2007.0,22211743.0,Asia,62.698,2280.769906,,,,,,,Morocco,2007,33757175.0,Africa,71.164,3820.17523,,,,,,,,,,,,
,,,,,,,,,,,,Mozambique,1952,6446316.0,Africa,31.286,468.5260381,,,,,,,,,,,,,,,,,,,,,,,,,Mozambique,1962,7788944.0,Africa,36.161,556.6863539,,,,,,,,,,,,,,,,,,,,,,,,,Mozambique,1967,8680909.0,Africa,38.113,566.6691539,,,,,,,,,,,,,,,,,,,,,,,,,Mozambique,1972,9809596.0,Africa,40.328,724.9178037,,,,,,,,,,,,,,,,,,,,,,,,,Mozambique,1977,11127868.0,Africa,42.495,502.3197334,,,,,,,,,,,,,,,,,,,,,,,,,Mozambique,1982,12587223.0,Africa,42.795,462.2114149,,,,,,,,,,,,,,,,,,,,,,,,,Mozambique,1987,12891952.0,Africa,42.861,389.8761846,,,,,,,,,,,,,,,,,,,,,,,,,Mozambique,1992,13160731.0,Africa,44.284,410.8968239,,,,,,,,,,,,,,,,,,,,,,,,,Mozambique,1997,16603334.0,Africa,46.344,472.3460771,,,,,,,,,,,,,,,,,,,,,,,,,Mozambique,2002,18473780.0,Africa,44.026,633.6179466,,,,,,,,,,,,,,,,,,,,,,,,,Mozambique,2007,19951656.0,Africa,42.082,823.6856205,,,,,,,,,,,,
,,,,,,,,,,,,Namibia,1952,485831.0,Africa,41.725,2423.780443,,,,,,,,,,,,,,,,,,,,,,,,,Namibia,1962,621392.0,Africa,48.386,3173.215595,,,,,,,,,,,,,,,,,,,,,,,,,Namibia,1967,706640.0,Africa,51.159,3793.694753,,,,,,,,,,,,,,,,,,,,,,,,,Namibia,1972,821782.0,Africa,53.867,3746.080948,,,,,,,,,,,,,,,,,,,,,,,,,Namibia,1977,977026.0,Africa,56.437,3876.485958,,,,,,,,,,,,,,,,,,,,,,,,,Namibia,1982,1099010.0,Africa,58.968,4191.100511,,,,,,,,,,,,,,,,,,,,,,,,,Namibia,1987,1278184.0,Africa,60.835,3693.731337,,,,,,,,,,,,,,,,,,,,,,,,,Namibia,1992,1554253.0,Africa,61.999,3804.537999,,,,,,,,,,,,,,,,,,,,,,,,,Namibia,1997,1774766.0,Africa,58.909,3899.52426,,,,,,,,,,,,,,,,,,,,,,,,,Namibia,2002,1972153.0,Africa,51.479,4072.324751,,,,,,,,,,,,,,,,,,,,,,,,,Namibia,2007,2055080.0,Africa,52.906,4811.060429,,,,,,,,,,,,
,,,,,,,,,,,,Niger,1952,3379468.0,Africa,37.444,761.879376,,,,,,,,,,,,,,,,,,,,,,,,,Niger,1962,4076008.0,Africa,39.487,997.7661127,,,,,,,,,,,,,,,,,,,,,,,,,Niger,1967,4534062.0,Africa,40.118,1054.384891,,,,,,,,,,,,,,,,,,,,,,,,,Niger,1972,5060262.0,Africa,40.546,954.2092363,,,,,,,,,,,,,,,,,,,,,,,,,Niger,1977,5682086.0,Africa,41.291,808.8970728,,,,,,,,,,,,,,,,,,,,,,,,,Niger,1982,6437188.0,Africa,42.598,909.7221354,,,,,,,,,,,,,,,,,,,,,,,,,Niger,1987,7332638.0,Africa,44.555,668.3000228,,,,,,,,,,,,,,,,,,,,,,,,,Niger,1992,8392818.0,Africa,47.391,581.182725,,,,,,,,,,,,,,,,,,,,,,,,,Niger,1997,9666252.0,Africa,51.313,580.3052092,,,,,,,,,,,,,,,,,,,,,,,,,Niger,2002,11140655.0,Africa,54.496,601.0745012,,,,,,,,,,,,,,,,,,,,,,,,,Niger,2007,12894865.0,Africa,56.867,619.6768924,,,,,,,,,,,,
,,,,,,,,,,,,Nigeria,1952,33119096.0,Africa,36.324,1077.281856,,,,,,,,,,,,,,,,,,,,,,,,,Nigeria,1962,41871351.0,Africa,39.36,1150.927478,,,,,,,,,,,,,,,,,,,,,,,,,Nigeria,1967,47287752.0,Africa,41.04,1014.514104,,,,,,,,,,,,,,,,,,,,,,,,,Nigeria,1972,53740085.0,Africa,42.821,1698.388838,,,,,,,,,,,,,,,,,,,,,,,,,Nigeria,1977,62209173.0,Africa,44.514,1981.951806,,,,,,,,,,,,,,,,,,,,,,,,,Nigeria,1982,73039376.0,Africa,45.826,1576.97375,,,,,,,,,,,,,,,,,,,,,,,,,Nigeria,1987,81551520.0,Africa,46.886,1385.029563,,,,,,,,,,,,,,,,,,,,,,,,,Nigeria,1992,93364244.0,Africa,47.472,1619.848217,,,,,,,,,,,,,,,,,,,,,,,,,Nigeria,1997,106207839.0,Africa,47.464,1624.941275,,,,,,,,,,,,,,,,,,,,,,,,,Nigeria,2002,119901274.0,Africa,46.608,1615.286395,,,,,,,,,,,,,,,,,,,,,,,,,Nigeria,2007,135031164.0,Africa,46.859,2013.977305,,,,,,,,,,,,
,,,,,,,,,,,,Reunion,1952,257700.0,Africa,52.724,2718.885295,,,,,,,,,,,,,,,,,,,,,,,,,Reunion,1962,358900.0,Africa,57.666,3173.72334,,,,,,,,,,,,,,,,,,,,,,,,,Reunion,1967,414024.0,Africa,60.542,4021.175739,,,,,,,,,,,,,,,,,,,,,,,,,Reunion,1972,461633.0,Africa,64.274,5047.658563,,,,,,,,,,,,,,,,,,,,,,,,,Reunion,1977,492095.0,Africa,67.064,4319.804067,,,,,,,,,,,,,,,,,,,,,,,,,Reunion,1982,517810.0,Africa,69.885,5267.219353,,,,,,,,,,,,,,,,,,,,,,,,,Reunion,1987,562035.0,Africa,71.913,5303.377488,,,,,,,,,,,,,,,,,,,,,,,,,Reunion,1992,622191.0,Africa,73.615,6101.255823,,,,,,,,,,,,,,,,,,,,,,,,,Reunion,1997,684810.0,Africa,74.772,6071.941411,,,,,,,,,,,,,,,,,,,,,,,,,Reunion,2002,743981.0,Africa,75.744,6316.1652,,,,,,,,,,,,,,,,,,,,,,,,,Reunion,2007,798094.0,Africa,76.442,7670.122558,,,,,,,,,,,,
,,,,,,,,,,,,Rwanda,1952,2534927.0,Africa,40.0,493.3238752,,,,,,,,,,,,,,,,,,,,,,,,,Rwanda,1962,3051242.0,Africa,43.0,597.4730727,,,,,,,,,,,,,,,,,,,,,,,,,Rwanda,1967,3451079.0,Africa,44.1,510.9637142,,,,,,,,,,,,,,,,,,,,,,,,,Rwanda,1972,3992121.0,Africa,44.6,590.5806638,,,,,,,,,,,,,,,,,,,,,,,,,Rwanda,1977,4657072.0,Africa,45.0,670.0806011,,,,,,,,,,,,,,,,,,,,,,,,,Rwanda,1982,5507565.0,Africa,46.218,881.5706467,,,,,,,,,,,,,,,,,,,,,,,,,Rwanda,1987,6349365.0,Africa,44.02,847.991217,,,,,,,,,,,,,,,,,,,,,,,,,Rwanda,1992,7290203.0,Africa,23.599,737.0685949,,,,,,,,,,,,,,,,,,,,,,,,,Rwanda,1997,7212583.0,Africa,36.087,589.9445051,,,,,,,,,,,,,,,,,,,,,,,,,Rwanda,2002,7852401.0,Africa,43.413,785.6537648,,,,,,,,,,,,,,,,,,,,,,,,,Rwanda,2007,8860588.0,Africa,46.242,863.0884639,,,,,,,,,,,,
,,,,,,,,,,,,Sao Tome and Principe,1952,60011.0,Africa,46.471,879.5835855,,,,,,,,,,,,,,,,,,,,,,,,,Sao Tome and Principe,1962,65345.0,Africa,51.893,1071.551119,,,,,,,,,,,,,,,,,,,,,,,,,Sao Tome and Principe,1967,70787.0,Africa,54.425,1384.840593,,,,,,,,,,,,,,,,,,,,,,,,,Sao Tome and Principe,1972,76595.0,Africa,56.48,1532.985254,,,,,,,,,,,,,,,,,,,,,,,,,Sao Tome and Principe,1977,86796.0,Africa,58.55,1737.561657,,,,,,,,,,,,,,,,,,,,,,,,,Sao Tome and Principe,1982,98593.0,Africa,60.351,1890.218117,,,,,,,,,,,,,,,,,,,,,,,,,Sao Tome and Principe,1987,110812.0,Africa,61.728,1516.525457,,,,,,,,,,,,,,,,,,,,,,,,,Sao Tome and Principe,1992,125911.0,Africa,62.742,1428.777814,,,,,,,,,,,,,,,,,,,,,,,,,Sao Tome and Principe,1997,145608.0,Africa,63.306,1339.076036,,,,,,,,,,,,,,,,,,,,,,,,,Sao Tome and Principe,2002,170372.0,Africa,64.337,1353.09239,,,,,,,,,,,,,,,,,,,,,,,,,Sao Tome and Principe,2007,199579.0,Africa,65.528,1598.435089,,,,,,,,,,,,
,,,,,,,,,,,,Senegal,1952,2755589.0,Africa,37.278,1450.356983,,,,,,,,,,,,,,,,,,,,,,,,,Senegal,1962,3430243.0,Africa,41.454,1654.988723,,,,,,,,,,,,,,,,,,,,,,,,,Senegal,1967,3965841.0,Africa,43.563,1612.404632,,,,,,,,,,,,,,,,,,,,,,,,,Senegal,1972,4588696.0,Africa,45.815,1597.712056,,,,,,,,,,,,,,,,,,,,,,,,,Senegal,1977,5260855.0,Africa,48.879,1561.769116,,,,,,,,,,,,,,,,,,,,,,,,,Senegal,1982,6147783.0,Africa,52.379,1518.479984,,,,,,,,,,,,,,,,,,,,,,,,,Senegal,1987,7171347.0,Africa,55.769,1441.72072,,,,,,,,,,,,,,,,,,,,,,,,,Senegal,1992,8307920.0,Africa,58.196,1367.899369,,,,,,,,,,,,,,,,,,,,,,,,,Senegal,1997,9535314.0,Africa,60.187,1392.368347,,,,,,,,,,,,,,,,,,,,,,,,,Senegal,2002,10870037.0,Africa,61.6,1519.635262,,,,,,,,,,,,,,,,,,,,,,,,,Senegal,2007,12267493.0,Africa,63.062,1712.472136,,,,,,,,,,,,
,,,,,,,,,,,,Sierra Leone,1952,2143249.0,Africa,30.331,879.7877358,,,,,,,,,,,,,,,,,,,,,,,,,Sierra Leone,1962,2467895.0,Africa,32.767,1116.639877,,,,,,,,,,,,,,,,,,,,,,,,,Sierra Leone,1967,2662190.0,Africa,34.113,1206.043465,,,,,,,,,,,,,,,,,,,,,,,,,Sierra Leone,1972,2879013.0,Africa,35.4,1353.759762,,,,,,,,,,,,,,,,,,,,,,,,,Sierra Leone,1977,3140897.0,Africa,36.788,1348.285159,,,,,,,,,,,,,,,,,,,,,,,,,Sierra Leone,1982,3464522.0,Africa,38.445,1465.010784,,,,,,,,,,,,,,,,,,,,,,,,,Sierra Leone,1987,3868905.0,Africa,40.006,1294.447788,,,,,,,,,,,,,,,,,,,,,,,,,Sierra Leone,1992,4260884.0,Africa,38.333,1068.696278,,,,,,,,,,,,,,,,,,,,,,,,,Sierra Leone,1997,4578212.0,Africa,39.897,574.6481576,,,,,,,,,,,,,,,,,,,,,,,,,Sierra Leone,2002,5359092.0,Africa,41.012,699.489713,,,,,,,,,,,,,,,,,,,,,,,,,Sierra Leone,2007,6144562.0,Africa,42.568,862.5407561,,,,,,,,,,,,
,,,,,,,,,,,,Somalia,1952,2526994.0,Africa,32.978,1135.749842,,,,,,,,,,,,,,,,,,,,,,,,,Somalia,1962,3080153.0,Africa,36.981,1369.488336,,,,,,,,,,,,,,,,,,,,,,,,,Somalia,1967,3428839.0,Africa,38.977,1284.73318,,,,,,,,,,,,,,,,,,,,,,,,,Somalia,1972,3840161.0,Africa,40.973,1254.576127,,,,,,,,,,,,,,,,,,,,,,,,,Somalia,1977,4353666.0,Africa,41.974,1450.992513,,,,,,,,,,,,,,,,,,,,,,,,,Somalia,1982,5828892.0,Africa,42.955,1176.807031,,,,,,,,,,,,,,,,,,,,,,,,,Somalia,1987,6921858.0,Africa,44.501,1093.244963,,,,,,,,,,,,,,,,,,,,,,,,,Somalia,1992,6099799.0,Africa,39.658,926.9602964,,,,,,,,,,,,,,,,,,,,,,,,,Somalia,1997,6633514.0,Africa,43.795,930.5964284,,,,,,,,,,,,,,,,,,,,,,,,,Somalia,2002,7753310.0,Africa,45.936,882.0818218,,,,,,,,,,,,,,,,,,,,,,,,,Somalia,2007,9118773.0,Africa,48.159,926.1410683,,,,,,,,,,,,
,,,,,,,,,,,,South Africa,1952,14264935.0,Africa,45.009,4725.295531,,,,,,,,,,,,,,,,,,,,,,,,,South Africa,1962,18356657.0,Africa,49.951,5768.729717,,,,,,,,,,,,,,,,,,,,,,,,,South Africa,1967,20997321.0,Africa,51.927,7114.477971,,,,,,,,,,,,,,,,,,,,,,,,,South Africa,1972,23935810.0,Africa,53.696,7765.962636,,,,,,,,,,,,,,,,,,,,,,,,,South Africa,1977,27129932.0,Africa,55.527,8028.651439,,,,,,,,,,,,,,,,,,,,,,,,,South Africa,1982,31140029.0,Africa,58.161,8568.266228,,,,,,,,,,,,,,,,,,,,,,,,,South Africa,1987,35933379.0,Africa,60.834,7825.823398,,,,,,,,,,,,,,,,,,,,,,,,,South Africa,1992,39964159.0,Africa,61.888,7225.069258,,,,,,,,,,,,,,,,,,,,,,,,,South Africa,1997,42835005.0,Africa,60.236,7479.188244,,,,,,,,,,,,,,,,,,,,,,,,,South Africa,2002,44433622.0,Africa,53.365,7710.946444,,,,,,,,,,,,,,,,,,,,,,,,,South Africa,2007,43997828.0,Africa,49.339,9269.657808,,,,,,,,,,,,
,,,,,,,,,,,,Sudan,1952,8504667.0,Africa,38.635,1615.991129,,,,,,,,,,,,,,,,,,,,,,,,,Sudan,1962,11183227.0,Africa,40.87,1959.593767,,,,,,,,,,,,,,,,,,,,,,,,,Sudan,1967,12716129.0,Africa,42.858,1687.997641,,,,,,,,,,,,,,,,,,,,,,,,,Sudan,1972,14597019.0,Africa,45.083,1659.652775,,,,,,,,,,,,,,,,,,,,,,,,,Sudan,1977,17104986.0,Africa,47.8,2202.988423,,,,,,,,,,,,,,,,,,,,,,,,,Sudan,1982,20367053.0,Africa,50.338,1895.544073,,,,,,,,,,,,,,,,,,,,,,,,,Sudan,1987,24725960.0,Africa,51.744,1507.819159,,,,,,,,,,,,,,,,,,,,,,,,,Sudan,1992,28227588.0,Africa,53.556,1492.197043,,,,,,,,,,,,,,,,,,,,,,,,,Sudan,1997,32160729.0,Africa,55.373,1632.210764,,,,,,,,,,,,,,,,,,,,,,,,,Sudan,2002,37090298.0,Africa,56.369,1993.398314,,,,,,,,,,,,,,,,,,,,,,,,,Sudan,2007,42292929.0,Africa,58.556,2602.394995,,,,,,,,,,,,
,,,,,,,,,,,,Swaziland,1952,290243.0,Africa,41.407,1148.376626,,,,,,,,,,,,,,,,,,,,,,,,,Swaziland,1962,370006.0,Africa,44.992,1856.182125,,,,,,,,,,,,,,,,,,,,,,,,,Swaziland,1967,420690.0,Africa,46.633,2613.101665,,,,,,,,,,,,,,,,,,,,,,,,,Swaziland,1972,480105.0,Africa,49.552,3364.836625,,,,,,,,,,,,,,,,,,,,,,,,,Swaziland,1977,551425.0,Africa,52.537,3781.410618,,,,,,,,,,,,,,,,,,,,,,,,,Swaziland,1982,649901.0,Africa,55.561,3895.384018,,,,,,,,,,,,,,,,,,,,,,,,,Swaziland,1987,779348.0,Africa,57.678,3984.839812,,,,,,,,,,,,,,,,,,,,,,,,,Swaziland,1992,962344.0,Africa,58.474,3553.0224,,,,,,,,,,,,,,,,,,,,,,,,,Swaziland,1997,1054486.0,Africa,54.289,3876.76846,,,,,,,,,,,,,,,,,,,,,,,,,Swaziland,2002,1130269.0,Africa,43.869,4128.116943,,,,,,,,,,,,,,,,,,,,,,,,,Swaziland,2007,1133066.0,Africa,39.613,4513.480643,,,,,,,,,,,,
,,,,,,,,,,,,Tanzania,1952,8322925.0,Africa,41.215,716.6500721,,,,,,,,,,,,,,,,,,,,,,,,,Tanzania,1962,10863958.0,Africa,44.246,722.0038073,,,,,,,,,,,,,,,,,,,,,,,,,Tanzania,1967,12607312.0,Africa,45.757,848.2186575,,,,,,,,,,,,,,,,,,,,,,,,,Tanzania,1972,14706593.0,Africa,47.62,915.9850592,,,,,,,,,,,,,,,,,,,,,,,,,Tanzania,1977,17129565.0,Africa,49.919,962.4922932,,,,,,,,,,,,,,,,,,,,,,,,,Tanzania,1982,19844382.0,Africa,50.608,874.2426069,,,,,,,,,,,,,,,,,,,,,,,,,Tanzania,1987,23040630.0,Africa,51.535,831.8220794,,,,,,,,,,,,,,,,,,,,,,,,,Tanzania,1992,26605473.0,Africa,50.44,825.682454,,,,,,,,,,,,,,,,,,,,,,,,,Tanzania,1997,30686889.0,Africa,48.466,789.1862231,,,,,,,,,,,,,,,,,,,,,,,,,Tanzania,2002,34593779.0,Africa,49.651,899.0742111,,,,,,,,,,,,,,,,,,,,,,,,,Tanzania,2007,38139640.0,Africa,52.517,1107.482182,,,,,,,,,,,,
,,,,,,,,,,,,Togo,1952,1219113.0,Africa,38.596,859.8086567,,,,,,,,,,,,,,,,,,,,,,,,,Togo,1962,1528098.0,Africa,43.922,1067.53481,,,,,,,,,,,,,,,,,,,,,,,,,Togo,1967,1735550.0,Africa,46.769,1477.59676,,,,,,,,,,,,,,,,,,,,,,,,,Togo,1972,2056351.0,Africa,49.759,1649.660188,,,,,,,,,,,,,,,,,,,,,,,,,Togo,1977,2308582.0,Africa,52.887,1532.776998,,,,,,,,,,,,,,,,,,,,,,,,,Togo,1982,2644765.0,Africa,55.471,1344.577953,,,,,,,,,,,,,,,,,,,,,,,,,Togo,1987,3154264.0,Africa,56.941,1202.201361,,,,,,,,,,,,,,,,,,,,,,,,,Togo,1992,3747553.0,Africa,58.061,1034.298904,,,,,,,,,,,,,,,,,,,,,,,,,Togo,1997,4320890.0,Africa,58.39,982.2869243,,,,,,,,,,,,,,,,,,,,,,,,,Togo,2002,4977378.0,Africa,57.561,886.2205765,,,,,,,,,,,,,,,,,,,,,,,,,Togo,2007,5701579.0,Africa,58.42,882.9699438,,,,,,,,,,,,
,,,,,,,,,,,,Tunisia,1952,3647735.0,Africa,44.6,1468.475631,,,,,,,,,,,,,,,,,,,,,,,,,Tunisia,1962,4286552.0,Africa,49.579,1660.30321,,,,,,,,,,,,,,,,,,,,,,,,,Tunisia,1967,4786986.0,Africa,52.053,1932.360167,,,,,,,,,,,,,,,,,,,,,,,,,Tunisia,1972,5303507.0,Africa,55.602,2753.285994,,,,,,,,,,,,,,,,,,,,,,,,,Tunisia,1977,6005061.0,Africa,59.837,3120.876811,,,,,,,,,,,,,,,,,,,,,,,,,Tunisia,1982,6734098.0,Africa,64.048,3560.233174,,,,,,,,,,,,,,,,,,,,,,,,,Tunisia,1987,7724976.0,Africa,66.894,3810.419296,,,,,,,,,,,,,,,,,,,,,,,,,Tunisia,1992,8523077.0,Africa,70.001,4332.720164,,,,,,,,,,,,,,,,,,,,,,,,,Tunisia,1997,9231669.0,Africa,71.973,4876.798614,,,,,,,,,,,,,,,,,,,,,,,,,Tunisia,2002,9770575.0,Africa,73.042,5722.895655,,,,,,,,,,,,,,,,,,,,,,,,,Tunisia,2007,10276158.0,Africa,73.923,7092.923025,,,,,,,,,,,,
,,,,,,,,,,,,Uganda,1952,5824797.0,Africa,39.978,734.753484,,,,,,,,,,,,,,,,,,,,,,,,,Uganda,1962,7688797.0,Africa,45.344,767.2717398,,,,,,,,,,,,,,,,,,,,,,,,,Uganda,1967,8900294.0,Africa,48.051,908.9185217,,,,,,,,,,,,,,,,,,,,,,,,,Uganda,1972,10190285.0,Africa,51.016,950.735869,,,,,,,,,,,,,,,,,,,,,,,,,Uganda,1977,11457758.0,Africa,50.35,843.7331372,,,,,,,,,,,,,,,,,,,,,,,,,Uganda,1982,12939400.0,Africa,49.849,682.2662268,,,,,,,,,,,,,,,,,,,,,,,,,Uganda,1987,15283050.0,Africa,51.509,617.7244065,,,,,,,,,,,,,,,,,,,,,,,,,Uganda,1992,18252190.0,Africa,48.825,644.1707969,,,,,,,,,,,,,,,,,,,,,,,,,Uganda,1997,21210254.0,Africa,44.578,816.559081,,,,,,,,,,,,,,,,,,,,,,,,,Uganda,2002,24739869.0,Africa,47.813,927.7210018,,,,,,,,,,,,,,,,,,,,,,,,,Uganda,2007,29170398.0,Africa,51.542,1056.380121,,,,,,,,,,,,
,,,,,,,,,,,,Zambia,1952,2672000.0,Africa,42.038,1147.388831,,,,,,,,,,,,,,,,,,,,,,,,,Zambia,1962,3421000.0,Africa,46.023,1452.725766,,,,,,,,,,,,,,,,,,,,,,,,,Zambia,1967,3900000.0,Africa,47.768,1777.077318,,,,,,,,,,,,,,,,,,,,,,,,,Zambia,1972,4506497.0,Africa,50.107,1773.498265,,,,,,,,,,,,,,,,,,,,,,,,,Zambia,1977,5216550.0,Africa,51.386,1588.688299,,,,,,,,,,,,,,,,,,,,,,,,,Zambia,1982,6100407.0,Africa,51.821,1408.678565,,,,,,,,,,,,,,,,,,,,,,,,,Zambia,1987,7272406.0,Africa,50.821,1213.315116,,,,,,,,,,,,,,,,,,,,,,,,,Zambia,1992,8381163.0,Africa,46.1,1210.884633,,,,,,,,,,,,,,,,,,,,,,,,,Zambia,1997,9417789.0,Africa,40.238,1071.353818,,,,,,,,,,,,,,,,,,,,,,,,,Zambia,2002,10595811.0,Africa,39.193,1071.613938,,,,,,,,,,,,,,,,,,,,,,,,,Zambia,2007,11746035.0,Africa,42.384,1271.211593,,,,,,,,,,,,
,,,,,,,,,,,,Zimbabwe,1952,3080907.0,Africa,48.451,406.8841148,,,,,,,,,,,,,,,,,,,,,,,,,Zimbabwe,1962,4277736.0,Africa,52.358,527.2721818,,,,,,,,,,,,,,,,,,,,,,,,,Zimbabwe,1967,4995432.0,Africa,53.995,569.7950712,,,,,,,,,,,,,,,,,,,,,,,,,Zimbabwe,1972,5861135.0,Africa,55.635,799.3621758,,,,,,,,,,,,,,,,,,,,,,,,,Zimbabwe,1977,6642107.0,Africa,57.674,685.5876821,,,,,,,,,,,,,,,,,,,,,,,,,Zimbabwe,1982,7636524.0,Africa,60.363,788.8550411,,,,,,,,,,,,,,,,,,,,,,,,,Zimbabwe,1987,9216418.0,Africa,62.351,706.1573059,,,,,,,,,,,,,,,,,,,,,,,,,Zimbabwe,1992,10704340.0,Africa,60.377,693.4207856,,,,,,,,,,,,,,,,,,,,,,,,,Zimbabwe,1997,11404948.0,Africa,46.809,792.4499603,,,,,,,,,,,,,,,,,,,,,,,,,Zimbabwe,2002,11926563.0,Africa,39.989,672.0386227,,,,,,,,,,,,,,,,,,,,,,,,,Zimbabwe,2007,12311143.0,Africa,43.487,469.7092981,,,,,,,,,,,,
